,0,1,2,3,4,5,6,7
RP5-857K21.4,1.190477,1.359962,1.2527276,1.7641889,1.6067523,1.7953352,1.2572446,1.1193035
MTND1P23,2.2369983,1.2567973,1.0900495,1.5406783,1.4193091,1.2824918,1.2825972,1.5331846
MTND2P28,1.2977927,1.385029,1.3949891,1.33874,1.359976,1.4607483,1.2891493,1.316949
RP5-857K21.6,0.98905164,1.2908456,1.1527319,1.3758655,1.0629578,1.2568622,1.4246497,1.4074348
MTATP6P1,1.9294381,1.5955061,1.5151494,1.5785257,1.628862,1.67102,1.6466317,1.5653813
ACAP3,1.6841596,1.7466569,1.2046295,1.330945,1.4646571,1.3058327,1.5525548,1.600584
GABRD,1.28098,1.1424576,1.4870543,1.3983032,1.678853,1.3028275,1.3619874,1.7171055
CHD5,1.6875511,1.4041917,1.3006345,1.9561447,1.5424615,1.7097111,1.531297,1.4700726
ENO1,1.7010993,1.4810253,1.501596,1.657348,1.8445733,1.4755232,1.5515451,1.1791496
CLSTN1,1.4518548,1.4064614,1.5050691,1.4188226,1.4314955,1.815632,1.3759487,1.5876051
KAZN,1.994427,1.6591437,1.7685088,1.4004568,1.4870021,1.7264297,1.6119515,1.62419
UQCRHL,1.4954948,1.5053967,1.3141004,1.43122,1.1924878,1.4543005,1.4506297,1.6090258
NBL1,1.3636366,1.3590986,1.235916,1.19535,1.6142062,1.3242749,1.5545826,1.2201308
CAMK2N1,1.5803372,1.7646997,1.834655,1.7829887,1.1994121,1.6307464,1.6779672,1.896043
PINK1,1.5132617,1.7789344,1.4443753,1.3651689,1.5951349,1.442607,1.113799,1.1799794
RAP1GAP,1.3172747,1.2372384,1.3698488,1.5924371,1.7702663,1.8427079,1.7523623,1.2800137
RSRP1,1.5450826,1.4315205,1.7358273,1.5135499,1.5909177,1.2178521,1.2604903,1.7060394
STMN1,1.4983021,1.9486506,1.6434203,1.669893,2.3947024,1.5806589,2.614221,1.7416334
ATPIF1,1.654578,1.9265174,1.5406221,1.2416593,1.4805077,1.2749097,2.0391216,1.1766757
SDC3,1.0517777,1.3261074,1.7049142,1.3583863,1.4483767,1.4757259,1.4577631,1.100694
BAI2,1.4746863,1.9918596,1.8437624,1.5511944,1.446817,1.5709401,1.2384075,1.2028211
HPCA,1.4922997,1.9225638,1.94114,1.6410772,1.5321748,1.5042472,1.2099324,1.6275489
CSMD2,1.7201942,1.2381448,1.3276527,1.5228312,1.5677178,1.420789,1.5450009,1.4515147
NCDN,1.5327109,1.8431166,1.460044,1.5047377,1.865868,1.4132731,1.6290724,1.2740908
NDUFS5,1.5953419,1.6446211,1.7435639,1.6293758,1.3066474,1.3694243,1.5448178,1.7892966
HIVEP3,1.2797263,1.5427287,1.7588756,1.38452,1.3615394,1.6074606,1.386896,1.4613037
ATP6V0B,1.5436916,1.5779042,1.3225684,1.725959,1.1120313,1.726829,1.5546608,1.5329826
B4GALT2,1.4143685,1.0011479,1.6959516,1.3887097,1.2933763,1.5886447,1.3266647,1.855822
UQCRH,1.4090255,2.043724,1.5319204,1.5587653,1.6270114,1.151171,1.8698994,1.4024479
AGBL4,1.6602098,1.887712,1.7502193,1.940514,2.0640512,2.0505853,1.5468252,1.9441404
ELAVL4,1.2317048,1.4089938,1.4570234,1.3935498,1.9302408,1.7809858,1.6532437,1.3350228
RNF11,1.3847381,1.628826,1.4233999,1.521656,1.6261247,1.6006504,1.393234,1.3249805
SSBP3,1.53202,1.9395243,1.4624879,1.4642117,1.5685565,1.2182765,1.2976028,1.85234
DHCR24,1.8552161,1.5092987,1.1212947,1.4723647,1.4243158,1.1893686,1.4798931,1.4238305
DAB1,1.6352608,1.5807209,1.7199574,1.6216443,2.1034093,1.8349997,1.9797009,1.608931
INADL,1.5423576,1.7036662,1.7004488,1.4526278,1.4504693,1.4955163,1.2199067,1.3978783
DNAJC6,1.0937815,1.5165404,1.6470575,1.3167647,1.6319386,1.7204566,1.517587,1.5853472
PDE4B,1.5613791,1.8357706,2.0357027,1.6665094,1.6582735,1.8361324,1.369298,1.3091886
LRRC7,1.6689036,1.5048641,1.6827352,1.9366133,1.5520166,2.6050901,1.2499563,2.1669593
NEGR1,1.5538517,1.8194026,1.6323185,1.6875826,1.7366686,2.0654519,1.5045067,1.6221715
SLC44A5,1.5096526,1.5888047,1.8833166,1.6086043,1.6904023,1.6155326,1.3081257,1.4985409
PRKACB,1.5731931,1.68341,1.3047917,1.6653187,1.305368,2.016136,1.6935961,1.6502875
COL24A1,1.415678,1.5230373,1.5067258,1.3894609,1.7484403,1.4838865,1.3303967,1.6299547
LMO4,1.6037067,1.5256326,1.8937863,1.6746517,1.5632019,1.7447834,1.5325553,1.2795162
KIAA1107,1.4055187,2.0083525,1.8480581,1.7258824,1.1747221,1.6441823,1.3471476,2.0992079
MIR137HG,1.4045312,1.8415612,1.4705644,1.9312867,1.5246389,2.2151246,1.7246599,2.154792
LPPR4,1.6375386,1.8708509,1.7548492,1.1958224,1.2143523,1.5691445,2.282765,1.6259527
OLFM3,1.8564305,1.7804463,1.5242232,1.8524014,1.164393,1.635259,1.9943476,1.7055874
RNPC3,1.6785779,1.7224766,1.8625156,1.3569783,1.4548604,1.8703628,1.489117,1.8006883
NTNG1,1.5145167,1.7785472,1.4468461,1.4110239,1.8300219,1.6619923,1.3261404,1.4678876
RP11-270C12.3,1.5554347,1.3928609,1.4950145,1.3435273,1.3818057,1.6643353,1.5361443,1.7894795
SLC6A17,1.5791199,1.0702394,1.5629921,1.4284706,1.061043,1.518882,1.3087791,1.4209794
BCAS2,1.4933394,1.3078024,1.5717762,1.3629504,1.6140983,1.5303833,1.5040727,1.2717242
ATP1A1,2.0018396,1.5556539,1.4403112,1.3801813,1.4865311,1.9014589,1.3118569,1.8608463
CH17-472G23.1,1.5203367,1.4479257,1.8294431,1.5517108,1.4649107,1.6451244,1.4591775,1.5752503
CH17-472G23.2,1.7608594,1.7212453,2.0499876,1.22484,1.5508548,1.8022746,1.4951388,1.5582759
RP11-289H16.1,1.5476428,1.7075154,1.6210562,1.7105947,1.7518649,1.5946018,1.6993272,1.7264374
HYDIN2,1.4487381,1.1614882,1.7544994,1.6839706,1.4760003,1.5556339,1.4938102,1.3197885
SV2A,1.4798762,1.3820573,1.2053792,1.681628,1.4252334,1.4882237,2.1040835,1.3033057
MLLT11,1.6413535,1.7656314,1.4319386,1.6924798,1.4504328,1.61629,1.7226135,1.699108
CELF3,1.2155604,1.015901,1.4898525,1.3528388,1.5772029,1.4224945,1.5204117,1.4564319
SYT11,1.7664647,1.8046,1.6150669,1.517496,1.2924064,1.8518417,1.2075037,1.5449998
CADM3,1.6189733,1.602431,1.6899793,1.3790281,1.7471839,1.7031584,1.4637038,1.5510561
PEA15,2.1360278,1.7792726,1.6175681,1.164844,1.7040797,1.5294514,1.0745416,1.5065647
PFDN2,1.6834352,1.570474,1.2762443,1.5095495,1.5712742,1.8069485,1.737081,1.3947039
RGS4,1.6456448,1.4612161,1.4438813,1.2029376,1.7788173,1.8132503,1.7227714,1.3407334
PBX1,1.6001319,1.7000103,1.9297723,1.6736838,1.8161126,1.5254191,1.9180547,1.4435769
ILDR2,1.412433,1.686725,1.9071283,1.3412477,1.4755783,1.6470199,1.7513342,1.4723322
ATP1B1,1.9194225,1.478754,2.2698963,1.4220859,1.4609314,1.7223513,1.8575108,1.7949251
BRINP3,1.3323305,2.2160203,1.8268603,1.5918114,2.0497034,2.104163,1.8319666,1.6289718
RP11-92K2.2,1.524932,1.6218396,1.5277487,1.6135112,1.5248804,1.1864396,1.639707,1.4725819
MIR181A1HG,1.929611,1.4175096,1.0555645,1.5535603,1.344829,1.5372409,1.5913255,1.8535944
IPO9-AS1,1.359067,1.6432152,1.4330299,1.4752182,1.4377158,1.6406991,1.593691,1.5763503
ARL8A,1.6138197,1.3295178,1.6773175,1.3284101,1.3554999,1.4033816,1.5285238,1.6672279
NUCKS1,2.0497894,1.8813672,1.609062,1.73986,1.3755376,1.6094364,1.5434389,2.076075
C1orf115,1.4326769,1.3034568,1.5810568,1.4593827,1.6922661,1.326388,1.9622749,1.2495502
ARF1,1.7323018,1.1958216,1.7818537,1.3305833,1.6170123,1.5152932,1.4920349,1.361143
GUK1,1.4973016,1.1581846,1.5706257,1.341825,1.4349277,1.8115984,0.97700876,1.6311182
RNF187,1.4903247,1.2689502,1.5541995,1.1239572,1.1409914,1.3765867,1.6261756,1.4006238
SLC35F3,1.5150995,1.3306712,1.2130513,1.486235,1.3554131,2.0183234,1.471233,1.4878957
TOMM20,1.7855568,1.5901884,1.5571215,1.37467,1.359588,1.8671514,1.3242345,1.5019788
CHRM3-AS2,1.333544,1.2696916,1.2462732,1.614746,1.5293417,1.046034,1.3266416,1.1864471
ZBTB18,1.4549224,1.4996932,1.413806,1.5239917,1.4363606,1.3003205,1.3008859,1.778865
KIF26B,1.5853235,1.8436545,1.5409031,1.9976852,1.3671583,1.4196507,2.4118257,1.4198307
OR2L13,1.6397855,1.5669565,1.2984911,1.8519766,1.4119004,1.6318185,1.4964603,1.7575341
HPCAL1,1.4263923,1.2120633,1.5303178,1.1738894,1.5477729,1.6995089,1.6586713,0.98973405
KCNF1,1.6809045,1.3728803,1.161253,1.2774098,1.3106896,1.0838963,1.030923,1.3627013
FAM49A,1.6369474,1.8744948,1.6387335,1.4248376,1.1361693,1.6126457,1.5404295,1.6315612
VSNL1,1.9540981,1.5317632,1.6546309,1.32839,1.7920916,1.2670599,1.7342812,1.4763285
KLHL29,1.2398496,1.4686121,1.5033813,1.386727,1.8340904,1.5908815,1.6033,1.8106253
EFR3B,1.4000249,1.8447196,1.7244378,1.342381,1.6228249,1.3712786,1.9200428,1.5087767
MAPRE3,2.3971355,1.4945067,1.4854386,1.5172542,1.5645037,1.797212,1.3980845,1.6147066
SLC30A3,1.4973878,1.3272892,1.4990318,1.4838356,1.568012,1.7661203,1.714555,1.2369772
BIRC6-AS2,0.89953685,1.676904,1.4461086,1.4188825,1.2129406,1.3300542,1.4020596,1.4000505
LINC00486,1.7296717,1.8514023,1.9588864,1.911965,1.8431834,2.0146086,1.8939484,1.8203151
SRSF7,1.6976526,1.4797223,1.8003781,1.4440612,1.3908421,1.5099041,1.5768337,2.0525799
SLC8A1-AS1,1.5334642,1.2360727,1.1843404,1.442422,1.3898714,1.1190814,1.2759091,1.4044596
PREPL,1.8621056,1.3914703,1.7467854,1.7057936,1.4996387,1.4937831,1.7159381,1.1683073
BCYRN1,1.9910501,1.736188,1.972218,2.191733,1.6414863,2.417831,1.671241,1.9454888
EML6,1.8423214,1.6287328,1.5863097,1.9781069,1.4037541,1.3750902,2.2537112,1.7939837
RTN4,1.8389925,1.2120633,1.4286493,1.482081,1.5714267,1.6733937,1.7285976,1.7111496
BCL11A,1.6166357,1.9217093,1.9062705,1.4484347,2.189147,1.7419109,1.5102224,1.682138
MDH1,1.6797664,1.5508102,1.5813963,1.2667667,1.6419402,1.476961,1.6460716,1.5902854
SPRED2,1.5109403,1.6416763,1.4374164,1.5709739,1.3160353,1.7145419,1.3627955,1.1037167
AC074391.1,1.5623678,1.1396775,1.6845208,1.3998399,1.303508,1.3157327,2.0088706,1.2008224
PCBP1,1.3877528,1.3918061,1.6197903,1.6526976,1.6448281,1.5703984,1.4929355,1.6766554
CTNNA2,1.8566463,1.8782794,1.5713009,1.8747828,1.0725505,1.8285396,1.6726114,1.7901319
TMSB10,1.7991815,1.3650203,1.3534083,2.0424042,1.3298239,1.4801412,1.5389769,1.7366881
AC027612.6,1.4896053,1.8699884,1.6285433,1.3971119,2.1623092,1.717603,1.7705888,1.4493821
ANKRD36C,1.7298855,1.2693429,1.6291704,1.7143033,1.592995,1.8803378,1.2291403,1.6422851
ANKRD36,1.3333154,1.6851798,1.4448818,1.7583858,1.552393,1.9461163,1.7262981,1.5609726
AC159540.1,1.5570067,1.3115487,1.8938657,1.3165917,1.4926935,1.5966088,1.3804929,1.6544323
COX5B,1.6062361,1.5257974,1.0951906,1.3868034,1.3907777,1.1453141,1.6236775,1.5965255
NPAS2,1.2589709,1.6618236,1.6545978,1.3863027,1.6922135,1.553252,1.5951738,1.6379244
CREG2,1.9271748,1.367274,1.5429401,1.7528039,1.4467783,1.3066232,1.800544,1.5177728
LINC01106,1.492755,2.337402,1.4228166,1.775613,1.7257069,1.4009187,1.3364285,1.3918265
CNTNAP5,1.4361091,1.6989999,1.8455733,1.5542823,1.3679173,2.069532,1.996949,1.4355555
BIN1,1.546722,1.6514047,1.3952934,1.3449503,1.3751972,1.6764582,1.4788642,1.3495396
MZT2B,1.5060387,1.7844988,1.4006246,1.9942472,1.6010678,1.9089922,1.443991,1.4730611
PLEKHB2,1.4337457,1.3718439,1.894535,1.1905162,1.5544438,1.7320696,1.3501402,1.9190378
ANKRD30BL,2.05767,1.6129873,1.677808,1.6694745,1.7748654,1.3956057,1.4478233,1.6021875
LRP1B,1.637913,2.0720127,1.4728222,1.6380922,1.8321466,1.6639713,1.5215054,1.949319
GALNT13,1.6523569,1.8049856,1.5919546,1.83446,1.8007506,1.3027613,1.6400535,1.2313501
KCNJ3,2.0575936,1.557476,1.5570208,1.3972689,1.6037594,1.7241217,1.4658489,1.8383678
KCNH7,1.7686417,1.7089387,1.9597689,2.001615,1.4504288,1.260742,1.6838655,1.5783464
SCN1A,1.4221337,1.5131655,1.76305,1.9380841,2.0593326,2.147219,1.2314124,1.7530135
AC007969.5,1.9429243,1.1336197,1.8552195,1.4827449,1.5954274,1.6206781,1.3760588,1.5311884
CHN1,1.593868,1.6784275,1.9471409,1.8535708,1.7737877,1.7111349,1.3933666,1.7277144
ATP5G3,1.3371531,1.5392807,1.5747784,1.3874798,1.7846234,1.2091085,1.2314514,1.5255615
AC016739.2,1.7344773,1.2633411,1.3405201,1.7558662,1.7233837,1.6249512,1.1867688,1.763089
HNRNPA3,1.6845944,1.3105495,1.6645027,1.6316568,1.4532332,1.3381699,1.4639664,1.2842034
TTN-AS1,1.1367861,1.4724946,1.758966,1.6317639,1.1501396,2.0036907,1.9081132,1.5203398
NCKAP1,1.6644132,1.5441601,1.4580909,1.471098,1.5745227,1.5681994,1.3753055,1.7360096
ZNF804A,1.6184087,1.5536292,1.5351518,1.3862863,1.672545,1.7985972,1.8374873,1.5145243
FAM171B,1.6440736,1.3661152,1.3133593,1.5242087,1.3843871,1.4060314,1.6546159,1.3289384
LINC01090,1.6372128,1.4095857,1.4445055,1.1570076,1.5763471,1.40131,1.3473781,1.4537579
COL5A2,1.3823771,1.6654415,1.6484668,1.226843,1.5018609,1.7402983,1.406911,1.5897198
GLS,1.7702409,1.4500614,2.2643442,1.4905672,1.7007215,1.5269227,1.3724817,1.4747795
STAT4,2.0684955,1.2970624,1.2609345,1.4711624,1.3971884,1.7524618,1.2246304,1.5376645
TMEFF2,1.7536592,1.8275274,1.5537465,1.5969361,1.307927,1.6733325,1.5093685,2.1658506
SLC39A10,1.1947855,1.5888418,1.3132441,1.3872592,1.5259271,1.546605,1.644774,1.7764221
PLCL1,1.7534584,1.8122079,1.5439328,2.2749834,1.6576655,1.2477058,1.5432899,1.3991686
RAPH1,1.5298333,1.3443658,1.2448268,1.5987517,1.9871356,1.6973646,1.4251363,1.6373665
INO80D,1.5728492,1.8975294,1.352032,1.7661622,1.5678266,1.609077,1.8204433,1.8297478
IGFBP5,1.5141883,1.3780533,1.4323257,1.3572412,1.3550645,1.7617155,1.911048,1.5689644
AC007563.5,1.2058105,1.8036453,1.4250852,1.5858016,1.8298568,1.6101203,1.4140693,1.6702932
CDK5R2,0.99712014,1.4249196,1.3768162,1.4136103,1.3120282,1.2622904,1.210609,1.5078535
TUBA4A,1.5675117,1.583981,1.937999,1.5610162,2.1194026,1.4194189,1.5451571,1.5630251
DNAJB2,1.4155915,1.7861392,1.4947617,1.2499865,1.8720706,1.3302114,1.250633,1.4157511
PTPRN,1.4874458,1.7273048,1.526608,1.5788972,1.7590252,1.3223301,1.5599759,1.2023624
AC114765.1,1.6228317,1.5685121,1.570593,1.421465,1.1208345,1.1921996,1.3664567,2.00851
ACSL3,1.1820525,1.671083,1.0802059,1.4775828,1.433604,1.3373957,1.2414836,1.3999698
SCG2,1.2083707,1.2041742,1.553372,1.430514,1.184356,1.4230621,1.4032763,1.2326467
SERPINE2,1.4538835,1.644569,1.3731992,1.6362072,1.3693517,1.1959555,1.8646476,1.1595423
SPHKAP,1.4365882,1.5955395,2.0378196,1.437646,1.6786715,1.3819762,1.1857501,1.5198723
PID1,1.742063,1.3807672,1.0771512,1.779411,1.7074056,1.407165,1.825237,1.5694755
ITM2C,1.3135494,1.2225375,1.777494,1.4014845,1.7838473,1.2173295,1.4615207,1.2914479
PTMA,1.6027275,1.6524324,1.4429431,1.3529683,1.3013092,1.4578553,1.2450368,1.2492173
MYEOV2,1.8476284,1.7816528,1.5789794,1.4001426,1.7242827,1.2221454,1.3796217,1.9475975
GPC1,1.1441857,1.7411726,1.5421646,1.7270014,2.3367689,1.2772038,1.2917237,1.4748827
KIF1A,1.4434836,1.8646904,1.8363523,1.5039865,1.5746628,1.4703059,1.841337,1.3709126
SNED1,1.5676075,1.6900225,1.5488907,1.62927,1.7046306,1.7729952,1.6103697,1.4526953
CHL1,1.4947739,1.826745,1.3607614,1.2560121,1.641587,1.6026492,1.7724025,1.833362
SUMF1,1.3010424,2.093453,1.3949198,1.5683492,1.0425727,1.6726881,1.5631231,1.5333145
THUMPD3-AS1,1.6603028,1.233284,1.4603525,1.3273478,1.9103895,1.4997092,1.4843739,1.605719
BRK1,1.5305346,1.8594513,1.4805546,1.2441094,1.1472825,1.5350014,1.34461,1.6539423
ATP2B2,2.0265234,1.7835095,2.570445,1.5204716,1.7104509,1.3344147,2.0744631,1.5557345
SYN2,1.7992955,1.8029772,1.7799641,1.5762018,1.7557315,2.0140147,1.2828008,1.5385436
RFTN1,1.3817536,1.3820587,1.3817775,1.5585378,1.4615344,1.2202032,1.3313141,1.4766521
ARPP21,1.6230054,1.279578,1.2331427,1.5931072,1.3796303,1.4894465,2.1974792,1.4686236
CCK,1.4658933,1.2332674,1.0308654,1.6184899,1.2732286,1.3928921,1.9709575,1.4781177
TMA7,1.6016655,1.8132926,1.2667397,1.6268984,1.4766424,1.5191344,1.5568308,1.4869545
CAMKV,1.303697,1.9512367,1.6245996,1.2867857,1.5300858,1.7065637,1.4247001,1.6464165
WDR82,1.6913645,1.3219243,1.5145895,1.0837184,1.3996673,1.8787997,1.1491077,1.3861578
LRTM1,1.6150144,1.4318413,1.198103,1.7038244,1.6467657,1.3354472,1.7625012,1.0918701
SYNPR,1.5143802,1.2614101,1.495035,1.2690908,1.4565122,1.5705862,1.9174027,1.7688732
PRICKLE2,1.1193625,1.7537053,1.8210046,1.3038859,1.6199398,1.4470501,1.3036941,1.8704509
ADAMTS9-AS2,1.601658,1.7088723,1.4694055,1.3496554,1.4919841,1.7800653,1.2111652,1.2268891
FAM19A1,1.8181068,1.954516,2.1125772,1.4077904,1.9487631,1.7316091,1.7017926,1.8281096
ARL6IP5,1.5961317,1.4129189,1.5329701,1.3727739,1.6635036,1.5772257,1.4962949,1.2003213
ROBO2,1.7662961,1.8429996,1.3147761,1.5500432,1.7966373,1.8168672,1.798251,2.1308079
ROBO1,2.0765507,1.7938142,1.6122663,1.4784849,1.8666734,1.6410651,1.4006804,2.102926
CADM2,1.9661782,1.5317441,1.6608834,1.8789645,2.0799966,1.6654145,1.8006693,1.9318355
EPHA3,1.5038122,1.5305657,1.4879224,1.5938578,1.5072302,1.4481275,1.299734,1.7769468
EPHA6,1.5857996,1.6944299,2.0140698,1.7507813,2.0720234,1.8572283,2.020677,1.5541701
FILIP1L,1.7342811,1.3657559,1.4130553,1.3563826,1.714083,1.8891251,1.4032145,1.5080208
RP11-234A1.1,1.1537265,1.5757074,2.034202,1.4305757,1.3670174,1.5280986,1.6198672,1.1005857
PVRL3,1.8508536,1.6198492,2.024758,1.5637972,1.7676538,1.7126603,2.1385803,1.618994
TAGLN3,1.6275015,1.2539599,1.5892732,1.5565243,1.3152986,1.6941925,1.4225931,1.4978944
SIDT1,1.3806072,1.2162576,2.099676,1.2318555,1.3811703,1.658143,1.2070912,1.5840127
GAP43,1.4904631,1.6404543,1.764659,1.9417754,1.5840675,1.500799,1.5418835,1.6050314
LSAMP,1.7305524,1.7540233,1.9949895,1.7129551,2.5757601,1.6705992,2.1246088,1.3975887
LSAMP-AS1,1.3124279,1.5221759,1.0824699,1.6140057,1.8902175,1.5981419,1.484252,1.6452242
RP11-384F7.2,1.2412877,1.685043,2.0748136,1.274268,1.7654669,1.8854315,1.19155,1.8806727
RP11-384F7.1,1.3143778,1.2056403,1.2076172,1.5383583,1.7512611,1.5404353,1.4667301,1.5122148
ENPP7P4,1.314779,1.3478842,1.3074111,1.4029969,1.5760608,1.152997,1.3166891,1.2015362
CPNE4,1.5709428,1.6485087,1.6772544,1.5153842,1.5762956,1.801651,1.4034116,2.0693972
RAB6B,1.7276897,1.5927794,1.5195765,1.6840161,1.43047,1.6355215,1.4462831,1.2800146
CLSTN2,1.525691,1.9293746,1.4737842,1.6794024,1.4440212,1.8935882,1.5721846,1.4246718
P2RY14,1.1834865,1.4782667,1.4669869,1.4001758,1.8859466,1.7251506,1.6160963,1.6783901
IGSF10,1.3535575,1.3955842,1.4412736,1.7170608,1.5121415,1.6912819,1.1161441,1.4132202
MBNL1,1.5984877,1.2418693,1.4781834,1.7684432,1.5245376,1.8171557,1.4139384,1.5426314
LINC01322,1.9106817,1.1530164,1.8430994,1.3646436,1.7019885,1.6156731,1.3458616,1.4305377
SERPINI1,1.8050572,1.7769568,1.5518486,1.8704399,1.8487477,1.4793848,1.5854132,1.3003598
EGFEM1P,1.5767093,1.8501995,1.2901661,1.6057366,1.2150779,1.4822078,1.8625829,1.56112
SEC62,1.421497,1.5862682,1.3526322,1.434431,1.4966313,1.7862897,1.8670228,1.6781884
NLGN1,1.955183,1.6393766,1.9395471,1.7178823,1.9010255,1.3213764,1.9146177,1.8420106
NAALADL2,1.4974872,2.4773684,1.6107972,1.4801378,1.5533997,1.4621726,1.6237566,1.5639223
RP11-33A14.1,1.5916473,1.5902041,1.3429532,1.1054167,1.2206386,2.1487162,1.4342617,1.3607528
KCNMB2-AS1,1.5517967,1.5623772,1.4660578,1.6880398,2.104038,1.6268004,1.3394846,1.4616609
PEX5L,1.9843348,1.7588401,1.4366456,1.5658932,1.5040429,1.5449134,1.8524443,1.7291869
DGKG,1.4890155,1.7229942,1.4326476,1.1935557,1.5145855,1.8578295,1.4514334,1.369439
EIF4A2,2.0981605,1.8319317,1.8125759,1.2736648,1.4887543,2.0547268,1.5513128,1.6768252
LPP,1.8925482,1.7013179,1.5711032,1.260372,1.6550356,1.403001,1.4412776,1.4367075
ATP5I,1.7815173,1.3660392,1.4145526,1.4175975,2.3035233,1.5849546,1.8129889,1.4585556
CTBP1,1.7737232,1.3792747,1.5072992,1.5736501,1.5213187,1.1744695,1.3767313,1.1267784
C4orf48,1.3214675,1.2295164,1.580591,1.4843427,1.4753809,1.8233387,1.6015855,1.4055514
NAT8L,1.5379994,1.3873385,1.4265279,1.4006525,1.5911787,1.9763169,1.2537491,1.2482576
RGS12,2.090282,1.2668252,1.0872055,1.3786129,1.3745712,2.214618,1.5357486,2.0359852
CRMP1,1.7658908,1.5684777,1.4219494,1.5132518,1.1700121,1.4006027,1.6268284,1.5854294
SLIT2,1.4357791,1.4439738,1.4045225,1.6503017,1.5470958,1.6083134,1.6252642,1.5889393
TBC1D19,1.5424681,1.9318429,1.5296358,1.8789251,1.619642,1.5294596,1.5871254,1.4645612
PCDH7,1.5173117,1.7533956,1.0017227,1.4789124,1.8345437,1.9598943,1.4853581,1.4431055
NWD2,1.5386066,1.7371716,1.7417914,1.4514234,2.2776258,1.4654423,1.3698496,1.6596587
UCHL1,1.9458214,1.41862,1.4474462,1.473452,1.357867,1.2715932,1.4974139,1.7807931
KCTD8,1.7303514,1.3744266,1.302885,1.2700497,1.169611,1.5264168,1.5150281,1.2938008
OCIAD1,1.4656963,1.4845281,1.5636939,1.254332,1.7563446,1.4642352,1.3068638,2.0065327
HOPX,1.3176469,1.4277352,1.6722986,1.1831021,1.541299,1.2947245,1.3466144,1.5373155
LPHN3,1.838759,2.1080172,1.3887389,1.8086163,1.9147924,1.6752733,1.2754649,2.0236053
EPHA5,1.8850492,1.3565332,1.372123,1.6033028,1.6737157,1.4734058,1.6400888,1.7571186
G3BP2,1.5409453,1.152215,1.8369348,1.1793141,1.8146592,2.0839732,1.656331,1.5156902
FRAS1,2.052867,1.3801696,1.4188491,1.9549446,1.7208877,1.268174,1.1878622,1.4733142
RASGEF1B,1.4037497,1.8296198,1.865726,2.4143746,1.7396035,1.968361,2.003561,1.9576905
HNRNPDL,1.5785098,1.8150653,1.8498487,1.4995861,1.8697876,1.6415273,1.4531147,1.5458125
SCD5,1.648729,1.5937915,1.6700501,1.670964,1.5956419,1.8486084,1.9455545,1.4670528
RP11-778J15.1,1.1508944,1.5664624,1.5449085,1.4161199,1.8383213,1.6845769,1.3453999,1.2359006
SPARCL1,1.9235941,1.7778028,2.228418,1.4709194,1.4782333,1.2294022,1.837084,1.2948792
HSP90AB3P,1.5284827,1.4397866,1.524987,1.4566257,1.2728806,2.0115728,1.1734761,1.465561
SNCA,1.3123183,1.5584016,1.1558626,1.4368492,1.6388879,1.5958648,1.6587132,1.7084903
GRID2,1.6623861,1.8093543,1.6143126,1.8223017,2.1038833,1.9376704,1.834246,1.8986106
PPP3CA,1.895089,2.1307836,1.5778822,1.7674514,1.7570379,1.7829127,1.8563832,1.6585923
CAMK2D,1.6918896,1.4596348,1.7114646,1.4589769,1.7041732,1.5520848,1.7860005,1.078096
LINC01378,1.5333494,1.5306485,1.4542036,1.5795143,2.2672842,1.854927,1.6442639,1.8689915
PDE5A,1.530791,1.4065133,1.4534286,1.1749113,1.4566586,1.7171491,1.3499565,1.3174874
RP11-745L13.2,2.0258133,1.64846,1.8756161,1.1472294,1.7695577,1.7739388,1.4674058,1.7713617
PCDH10,1.4557898,1.9521888,2.2443745,1.3709052,1.5630405,1.566609,1.4869847,1.1713006
MAML3,1.0787016,1.1191039,1.2372417,1.5689869,1.5647732,1.7455378,1.2158145,1.4291439
SCOC,1.529778,1.9112862,1.8643354,1.3660139,2.0902736,1.4346045,1.6766229,1.1582333
RP11-673E1.4,1.4193115,1.7194549,1.3874055,2.1045578,1.2989511,1.350774,1.2272071,2.0028503
PRMT9,1.6675289,1.5197682,1.7839438,1.2798419,1.3671064,1.1544943,1.5970933,1.2102275
ARHGAP10,1.5957265,1.8348258,1.764231,1.4262356,1.4960614,1.3089114,1.5836246,1.7657721
NR3C2,1.4183459,1.6794934,1.6813873,1.3635744,1.8604897,1.8329848,1.4331292,1.7572837
FBXW7,1.9067681,1.5924429,1.5389127,1.8517846,1.5613971,1.7186329,1.7287357,1.3738902
GUCY1B3,2.1340582,1.4795175,2.0243728,1.4957029,1.6740454,1.6779103,1.2911522,1.7511839
RAPGEF2,1.7760848,1.4907427,1.2686839,2.5920691,1.8943975,1.5993973,1.5769856,1.7459835
FSTL5,1.56056,1.4378252,1.195411,2.2929604,1.2501001,1.14708,1.3997989,1.7200736
MARCH1,1.8006064,2.3086808,1.615546,1.6107608,1.4620274,1.6738176,1.6239345,1.2426587
CPE,1.5160645,1.6659003,1.8333131,1.3277133,1.5936018,1.3430653,1.8519545,1.9838765
GALNTL6,1.6712285,1.8325189,1.6049525,1.7420058,1.965881,1.6987226,1.8743345,1.6021094
GPM6A,1.6885896,2.164754,1.9380189,1.6065832,1.4368422,1.701106,2.1039882,1.3927643
TENM3,1.5843383,1.6236956,1.5328673,1.4424934,1.8145865,1.7793642,1.9335032,2.4483538
TPPP,1.7645123,1.6276286,1.2172445,1.504101,1.7499862,1.1901723,1.4238409,1.341292
BASP1,1.7106923,1.2947925,1.5008814,1.7241957,1.5059783,1.866296,1.849509,1.6780103
AC091878.1,1.5911319,1.6350526,1.8350121,1.7056934,1.4024315,1.1311861,1.7165334,1.6999006
CDH18,1.9738163,1.3956689,1.3622735,1.1988391,1.8002661,1.8238287,1.7663878,1.2074916
CDH10,1.6438607,1.2200364,1.6212505,1.624923,2.0095944,1.5483396,1.5388334,1.4267569
RP11-116O11.1,1.498036,1.6112444,1.4367797,1.4607782,1.3766761,1.2357556,1.9661354,1.7467221
CDH9,2.0530112,1.7231903,1.8860859,1.6519191,1.5433108,1.6507447,1.6470306,1.8617786
PDZD2,1.8986591,1.7054487,1.445979,1.5759236,1.5352149,1.6656332,1.7595195,1.5724462
SUB1,1.8400698,1.6029215,1.6916419,1.822134,1.7705568,1.5541837,1.766335,1.5105784
LMBRD2,1.4296931,1.0624143,1.6170758,2.1570513,1.6743501,1.7560967,1.2611378,1.5066093
HMGCS1,1.3315607,1.7239779,1.5677196,1.5114856,1.2110898,1.6801273,1.3975841,1.7739804
PLK2,1.459029,1.4723394,1.3001788,1.288261,1.3470092,1.1721879,1.2487662,1.8913605
RAB3C,1.6634607,1.6021607,2.1627738,1.2153454,1.620039,1.4903265,1.2274587,1.3219362
MAST4,1.2669334,1.6622065,1.6399217,2.2407393,1.6041297,1.6988999,1.4420402,1.7454518
PIK3R1,1.3410721,1.2920189,2.1548233,1.7649314,1.8005491,1.94482,1.5718266,1.5796463
MAP1B,1.8573614,1.7817594,1.5729065,1.604243,2.298767,1.7891065,1.4197289,1.7801192
ENC1,1.1648222,1.8690966,1.5311031,1.9804715,1.7071946,2.0003545,1.5749886,1.9042857
HMGCR,1.8951695,1.3215115,1.5643234,1.4989913,1.3198259,1.5231731,1.7113575,1.304671
HOMER1,1.5830284,1.3477645,2.2335,1.5220714,1.433464,1.6032827,1.6265162,1.6911814
RASGRF2,1.3808345,1.6013517,1.5805471,1.7181898,1.4517773,1.8103443,1.5862246,1.8090807
CKMT2-AS1,1.5394948,1.4103237,1.6828516,1.3609667,1.4538822,1.6665885,1.38657,1.4831778
SSBP2,1.4140074,1.4419309,1.7752035,1.5443506,2.245247,1.8203704,1.9940469,1.5625036
COX7C,1.5613891,1.45013,1.5027097,1.7482766,1.6149526,1.7651958,1.4935218,1.187994
TMEM161B-AS1,1.5927773,1.8487319,1.9262484,1.6507255,1.6143522,1.5547991,1.5123931,1.3388325
MEF2C,1.4505008,1.3440403,1.599599,1.4370149,1.5596635,2.139578,1.7919217,1.7360803
RP11-348J24.2,1.1841764,1.2919555,1.7302293,1.4984825,1.2572691,1.3005787,1.3751636,1.6244453
PAM,1.498806,1.4625086,1.5368938,1.5200021,1.239583,2.201888,1.5745761,1.6374435
EFNA5,2.0283992,1.9168459,1.4372122,1.4577096,1.8153282,1.6676676,1.6826874,1.5859165
PJA2,1.3041319,1.732786,1.2968816,2.0760531,1.6297842,1.9343778,1.8492893,1.3951757
MAN2A1,1.6730812,1.6449021,1.5167052,1.4630625,1.2295069,1.5781577,1.6775113,1.6100845
TMEM232,1.3188595,1.3384436,1.5154973,1.5673001,1.4925258,1.3080215,1.734389,1.4841771
NREP,1.6671767,1.5760324,1.9596177,1.5358995,1.6155171,1.763446,1.8382564,1.2501684
REEP5,2.179472,1.3862327,1.606976,1.3117024,1.617552,1.6225214,1.6416336,1.4228334
CTC-552D5.1,1.1936344,1.4872658,1.2454679,1.3002846,1.6047975,1.9138225,1.3556957,1.2971283
PRR16,2.1139588,1.5097947,1.464639,1.5998827,1.5172086,1.6100861,1.3408331,1.6648444
ADAMTS19,1.6860611,1.672033,1.5910108,1.4980444,1.2502731,1.7350705,1.6306076,1.4300411
HINT1,1.1857758,1.580116,1.1961398,1.3475741,1.8491707,1.4468392,1.573891,1.662725
UQCRQ,1.7418612,1.5758692,1.2643199,1.3185035,1.6276789,1.5420803,1.4295378,1.334856
FSTL4,1.4656886,1.7328513,1.488174,1.5580469,2.1407728,1.9433485,2.2239547,1.5456805
VDAC1,1.6624311,1.6521508,2.1235278,1.181541,1.3435314,1.4981567,1.6295483,1.6320641
SKP1,1.6934781,1.436716,1.7114357,1.5325458,1.3484037,1.5338948,1.2654517,1.2072636
SPOCK1,1.4919834,1.5088625,1.7390983,1.9401425,1.68061,1.5173573,1.4894339,1.6195759
REEP2,1.3468701,1.5380208,1.3391913,1.0955248,1.586159,1.5533903,1.0639753,1.1013952
EGR1,1.2771798,1.9552308,1.7718648,1.4651984,1.8373059,1.6680645,1.682429,1.9721802
CTNNA1,1.7306075,1.3414911,1.4060756,1.3275535,1.1724497,1.3822188,1.3493092,1.473299
CXXC5,1.3449692,1.2600744,1.0571449,1.9341583,1.3005115,1.1280264,1.3536167,1.5016487
PURA,1.9050409,1.6586435,1.3487842,1.3544105,1.7159238,1.6137549,1.3861773,1.4486188
NDFIP1,1.8669353,1.4354849,1.6630011,1.7460849,1.6046381,1.4785259,1.6424835,1.4358418
AC005592.2,1.4514502,1.1572359,1.7273363,1.5087408,1.4179541,1.6484668,2.098942,1.266727
FGF1,1.7097218,1.3430485,1.4842199,1.3303218,1.5642128,1.5879636,1.4636141,1.1074767
NR3C1,1.5434799,1.653443,1.4331163,1.9609053,1.8176935,1.6262242,1.7701063,1.4833008
CTB-57H20.1,1.4872407,1.7396327,1.4524757,1.846417,1.5901701,1.2650726,1.3202612,1.9184737
CAMK2A,1.7080556,1.5877744,1.3528959,1.3457636,1.7954493,1.840002,2.0659592,1.7815173
SYNPO,1.5301588,2.1775897,1.9547676,1.5182416,1.4300766,1.4065021,1.5252017,1.3587508
ANXA6,1.5507876,1.3784493,1.9087416,1.7355348,1.2261497,1.358137,1.9167075,1.5358759
GRIA1,1.4824381,1.4947703,1.7640166,1.5463568,1.3262691,1.8537138,1.6322042,1.3136098
RP11-34P1.2,2.3005831,1.592253,1.5480368,1.3055736,1.6091442,1.3571541,1.8417988,1.350908
GABRB2,1.684539,1.5247844,1.8821423,1.56539,1.3306262,1.757525,1.8835081,1.4942504
GABRA1,1.1573071,1.4063386,1.4531497,1.8864114,1.4053525,2.0127459,1.3680487,1.4097602
GABRG2,1.749987,1.8483161,1.9314208,1.6745281,1.9955993,1.6330351,1.6611606,1.743063
SLIT3,1.6343945,1.6248564,1.4607725,1.5297463,1.6178986,1.8835164,1.8633773,1.9354954
CPEB4,1.7806203,1.5883733,1.7230833,1.3444693,1.4985293,1.7032506,1.3623518,1.6208622
HMP19,1.7857211,1.4162598,1.5698652,1.6903998,1.936667,1.6060426,1.5138608,1.6330441
FAM153B,1.3071607,1.1466374,1.5317024,1.456605,1.9635409,1.6010565,1.5847173,1.6968323
CLTB,1.7449037,1.3972241,1.3978221,1.3581702,1.2106174,1.4105195,1.2825925,1.5935184
SNCB,1.218721,1.7387487,1.6356866,1.8109375,1.5768781,1.5270765,1.4818063,1.5355777
FAM153A,1.6197362,1.3360536,1.4094971,1.2751173,1.6037538,1.5316079,1.4078596,1.8110045
FAM153C,1.1972818,1.3589935,1.9124696,1.515866,1.410625,2.383323,1.3379542,1.3888667
TUBB2A,1.4590437,1.523353,1.883074,1.5195503,1.968256,1.1797266,1.6769278,1.6520911
LY86-AS1,1.4129755,1.6319271,1.9168189,1.4011105,1.6389573,1.5282907,1.4423867,1.7088265
MAK,1.2023929,1.3670472,1.9601449,1.1577423,1.7292298,1.396983,1.4481837,1.3475068
PHACTR1,1.4776378,1.7001727,1.8462619,2.0678735,1.9674441,1.61474,1.4575398,1.8377261
CAP2,0.9502157,1.626434,1.2656677,1.4638166,1.45851,1.6745517,2.1494296,1.6968937
KIF13A,1.782998,1.2503544,1.1864278,2.0925229,1.6146713,1.6377347,1.8618422,1.7398331
C6orf62,1.5105013,1.2414144,1.6444111,1.4883076,1.0388942,1.1231357,1.594427,1.684074
GABBR1,1.3589754,1.658408,1.8245405,1.6686511,1.5654728,1.5149342,1.2502549,1.5753297
TUBB,1.5073692,1.2431725,1.60335,1.4247706,1.4626786,1.3793411,1.4929973,1.3515615
HSPA1A,1.8566065,1.2978437,1.3462694,1.6469817,1.908993,1.4090762,1.4273403,1.1930145
HSPA1B,1.6931291,1.3416191,1.4770733,1.4372206,1.4027327,1.5809401,1.4421504,1.77881
PRRT1,1.3007472,1.5560402,1.187962,1.3070093,1.6334226,1.0689003,1.768103,1.6561801
SYNGAP1,1.4129715,1.2878572,1.6486079,1.4216138,1.1881849,1.9519644,1.1165038,1.8269578
NUDT3,1.144288,1.2258549,1.3193495,1.6583054,1.4619268,1.5805585,1.4931413,1.675702
MTCH1,1.2839701,1.481254,1.7624897,1.5272988,1.6420898,1.3205012,1.7037252,1.4112406
TMEM63B,1.5410817,1.4577562,1.3673086,1.4480383,1.783256,1.4251379,1.191019,1.5076714
HSP90AB1,2.2635849,1.555006,1.7463292,1.3883674,2.1226523,1.8980054,1.5768168,1.6322225
RCAN2,1.4317652,1.2370573,1.7265528,1.5369247,1.4544361,1.4058027,1.562017,1.5828327
KHDRBS2,1.6198874,1.8347806,1.5085593,1.5825133,1.5635475,1.8351668,1.9208125,1.7401749
EYS,1.5058365,1.3390936,1.7434156,1.3452749,1.3353357,1.61192,1.9087567,1.75614
RP3-525N10.2,1.8640045,1.582911,1.6477264,1.2956461,2.0196235,1.6747466,1.4858289,1.0242051
COL19A1,1.9065392,1.0801785,1.5822994,1.3889192,1.5222545,1.6615778,1.3484182,1.9142821
RIMS1,1.6257696,1.6642054,1.7949162,1.7092736,1.4543995,1.9748577,1.5076414,1.7643199
EEF1A1,1.8796561,1.455743,1.6812559,1.527707,1.4618797,1.697333,1.7965887,1.1997457
COX7A2,1.5743113,1.359368,1.1306213,1.4947405,1.2778137,1.6826853,2.0434349,1.4279504
TMEM30A,1.4847806,1.3920437,1.2138813,1.2561179,1.6429424,1.7160091,1.7185612,1.5539665
HMGN3,1.3634058,1.0059966,1.3372979,1.3869575,1.4161576,1.8303936,1.1760832,1.4350309
FUT9,1.4107611,2.085775,1.5736866,1.4605551,1.4142202,2.1212597,1.3414007,1.7259946
RP11-436D23.1,1.5780513,1.4042509,1.9449214,1.8054357,1.3512317,1.5070008,1.4972628,1.7968224
PNISR,1.6449484,1.5712956,1.5990517,1.3875122,1.4790676,1.5176245,1.5257561,1.9866331
GRIK2,1.678939,2.258101,1.714132,2.08895,1.8149227,1.7760916,1.6651459,1.6304852
WASF1,1.608416,1.8901414,1.7665366,1.6491379,1.9309112,1.4993836,1.9032384,1.9523313
RP11-367G18.2,1.3370646,1.2096807,1.2478201,1.3922476,1.4558998,1.7178321,1.4738753,1.4767817
MARCKS,1.7307487,1.3518502,1.650622,1.3391742,1.5368167,1.8193197,1.4511065,1.5034237
TSPYL4,1.7887468,1.3537645,1.6385721,1.4674432,1.746527,1.6750317,1.3071402,0.9988679
TSPYL1,1.0806745,1.6843029,1.9006021,1.8341092,1.6704743,1.6357934,1.8269992,1.3855363
MAN1A1,1.4943743,1.4286208,1.6247712,1.6098274,1.7360601,1.7750001,1.7077073,1.7011305
SERINC1,1.4858488,1.2650924,1.751918,1.4923785,1.6879798,1.3955889,1.4716387,1.3197447
NKAIN2,1.2766788,1.6872985,1.7488796,1.5625875,2.2939155,2.4128473,1.5231594,1.9567144
PTPRK,1.8275683,1.8651556,1.8656367,1.5758601,1.8451979,2.2952194,1.4079987,1.584323
LAMA2,1.9137039,1.4742537,1.3132535,1.1595874,1.5910258,2.163977,1.5063571,1.4813824
AHI1,1.5242347,1.5525388,1.4874489,1.5048662,1.6551338,1.5892988,1.3640072,1.5534763
PDE7B,1.4295994,1.3017467,1.655231,1.6681354,1.4111191,1.7815071,1.5522746,1.6575661
RP13-143G15.4,1.3264601,1.2958338,1.382842,1.6363158,1.4582033,1.8672209,1.2025797,1.6422493
MAP7,1.9676435,1.1459773,1.713299,1.4787523,1.703769,1.4388433,1.9367156,1.4428921
HIVEP2,1.465106,1.7448014,1.6969383,1.5827364,2.124539,1.5005344,1.4960893,1.7239473
GRM1,1.6197438,1.5913285,1.3903902,1.4682903,1.8701795,1.4630581,2.2326488,1.7227926
STXBP5-AS1,1.7290859,2.142227,1.6588218,1.7848663,1.3253393,1.4916272,1.2145022,1.2227747
PCMT1,1.7943866,1.9952047,1.3576874,1.396287,1.54246,1.3608589,1.3558934,1.5866882
RP11-475C16.1,1.4397609,1.3153346,1.50057,1.7040536,1.1652604,1.4392226,1.2200453,1.5241492
ZDHHC14,1.9889891,1.6522902,1.3169304,1.3177696,1.4178267,1.332126,1.3001134,1.6964684
PDE10A,1.7680434,1.4326165,1.5160623,1.5437965,2.075498,1.687592,1.5015627,1.7528352
PRKAR1B,2.0341282,1.210917,1.7722332,1.6357754,1.6290606,1.8125585,1.5234979,1.7154288
INTS1,1.6259947,2.1320293,1.4706839,1.8218553,1.6117041,1.2445942,1.218186,1.2585248
TTYH3,1.6105214,1.3690196,1.5708259,1.3125833,1.7085785,1.7082894,1.4637141,1.2905893
SDK1,1.9102665,1.8497194,1.2406338,1.430873,1.4277167,1.3907205,1.1573653,1.3417822
ACTB,1.9960768,1.6603273,1.5422124,1.674751,1.2885234,1.3661351,1.7276163,1.720471
FSCN1,1.3406385,1.6413617,1.172893,1.7544373,1.5188614,1.0959451,1.6278785,1.7006623
RAC1,1.6546471,1.2837005,1.4156326,1.5614936,1.3298498,1.3956696,1.6376072,1.3758155
NDUFA4,1.5489689,1.4121404,1.2740785,1.7337359,1.55318,1.1849437,1.6107653,1.6311566
THSD7A,1.4635748,1.4411968,1.2882395,1.6792216,2.0953074,1.3276052,1.8336873,1.5528921
AC011288.2,1.6228273,1.5132279,1.9320594,1.503703,2.0796654,1.6336524,1.435581,1.776834
HDAC9,1.5996048,1.6055992,1.638673,2.6188042,1.3724902,1.560445,1.7627385,1.8469696
TMEM196,1.6709386,1.5453218,1.4085621,1.6782186,1.4340553,1.6865689,1.6220447,1.3954298
TOMM7,1.1533421,1.4750115,1.4899005,1.4944206,1.4842557,1.5597459,1.4201738,1.4537443
CYCS,1.645636,1.4224031,1.5506725,1.2449963,1.927405,1.6344384,1.5221903,1.4286956
SNX10,1.6873091,1.3715246,1.3332199,1.6434636,1.3122835,1.530204,1.3744799,1.6916808
MTURN,1.5286851,1.4726832,1.375194,1.2306476,1.2517313,1.2778025,1.2766001,1.306754
BMPER,1.7098145,1.6295041,1.6100417,1.6401325,1.4646705,1.514695,1.0002699,1.798891
SEPT7,1.7287881,1.5914559,1.3901542,1.750953,1.6598192,2.0957744,1.4986906,1.9153944
AMPH,1.5229234,1.3208513,1.7153423,2.208023,1.3631498,1.9039177,1.3264894,1.8479099
POU6F2,1.2263213,1.4619627,1.7555797,1.4205145,2.1777492,1.371194,1.5663613,1.5081726
CAMK2B,1.329519,1.6201063,1.5929593,1.2440003,2.0885398,1.5056009,1.5326544,1.4524928
AC004453.8,1.427571,1.3568321,1.3458023,1.4745439,1.2615665,1.4417306,1.5638726,1.366881
PPIA,1.4556161,1.232603,1.6350561,1.3382313,1.225875,1.2166207,1.3313415,1.4601024
CHCHD2,0.9325446,1.4296271,1.4445937,1.5850159,1.3776631,1.6545087,1.1309942,1.2100502
RP11-166O4.1,1.3038795,1.854428,1.5272741,1.3189107,1.1060579,1.2792171,1.1192749,1.3869209
AUTS2,1.373068,1.5881443,1.8753,1.6739382,1.562575,1.702455,1.6693872,1.681441
CALN1,1.1882831,1.9279972,1.7302299,1.6845344,1.8659208,1.6275862,1.5322967,1.6489553
STX1A,1.4510182,1.4146727,1.5764124,1.5521262,1.7455093,1.4247085,1.4852298,1.6888756
HIP1,1.4125098,1.5805869,1.3200595,1.4367316,1.4210964,1.5707071,1.5757,1.7105699
RHBDD2,1.6471033,1.3396595,1.3324616,1.4496083,1.9429653,1.7530216,1.4024143,1.2721324
HSPB1,1.3096488,1.4432379,1.4647207,1.3094554,1.2012807,1.4391222,1.4250501,1.6125128
YWHAG,1.5388435,1.610589,1.3345308,1.6902891,1.6850802,1.5625806,1.8307397,1.6570528
PCLO,1.5224774,1.5541388,1.7847942,1.7103757,1.5687352,1.7527058,1.6987911,1.7873672
GRM3,1.655762,1.5687255,1.7835796,1.9299157,1.404571,1.3763745,1.8178145,1.6152488
ABCB1,1.9806858,1.6559886,1.5329775,1.1658589,1.5188978,1.971686,1.9735463,1.8707471
ZNF804B,1.5747894,1.8683082,1.5160295,1.6474656,1.7465863,1.5844412,1.6674001,1.7852365
NPTX2,1.338221,1.5014793,1.7978165,1.6507447,1.4513136,1.667028,1.4046783,1.532778
TMEM130,1.5164324,1.5517381,2.1122065,1.4115791,1.6193881,1.5388073,1.4788772,1.5453793
SPDYE3,1.3709534,1.8696045,1.2532794,1.5448327,1.3704774,1.6185701,1.4386828,1.2985555
GNB2,1.6083189,1.2835894,1.5393672,1.329745,1.7131689,1.2905737,0.9904466,1.4717999
AP1S1,1.3849937,1.3495193,1.2961211,1.5541083,1.3489714,1.3496256,1.1360575,1.8109883
VGF,1.2331806,1.1939918,1.5768621,1.3253659,1.6361012,1.379713,1.3601263,1.4524907
COL26A1,1.5048212,1.7446185,1.4320025,1.6551466,1.2560617,1.3073148,1.691958,1.3750445
SPDYE2,1.5717076,1.7541485,1.3574262,1.427031,1.5189276,1.8620511,1.2469997,1.3582366
POLR2J2,1.6517907,1.5185039,1.8305047,1.006727,1.4683565,1.9120481,1.2959472,1.3963795
GPR22,1.7170739,1.8275265,1.2868,1.0722114,1.5502523,1.6376083,1.7833585,1.177656
SLC26A3,2.1347158,1.8962283,1.7890731,1.5151342,1.1232641,1.8165611,1.7291629,1.6052676
IMMP2L,1.5417068,1.4286145,1.8501397,1.7756116,1.5605866,1.8864965,1.3096236,1.7133532
KCND2,1.669355,1.5003568,1.6400555,1.4514035,1.9721707,1.4527105,1.7734852,1.7176263
CADPS2,1.4467537,1.5091388,1.4793929,1.3150412,1.849574,1.7232292,1.8468375,1.5467466
ATP6V1F,1.3685275,1.2676177,1.5033411,1.6263995,1.4262167,1.6179445,1.4081482,1.2845999
AC016831.7,1.8726863,1.4547471,1.575569,1.724726,1.3059127,1.287761,1.3147845,1.6805698
LINC-PINT,1.9271069,1.5458424,1.5184767,1.1822493,1.989071,1.6811013,1.5907772,1.7039884
PLXNA4,1.4670056,1.4921671,1.5417538,1.3203938,1.5659329,1.5757558,1.6659511,1.4105521
MTPN,1.3504262,1.1240809,1.7174443,1.2872927,1.3389164,1.5950625,1.4711896,2.037884
NDUFB2,1.4976925,1.2773579,1.6368057,1.074331,1.303737,1.4018048,1.5764121,1.4446169
EPHB6,1.5208106,1.6086454,1.3610351,1.2579705,1.6128886,1.9713895,1.512214,1.2252914
CNTNAP2,2.0104508,1.9178047,2.1712687,1.5850455,2.0883915,1.6625729,2.077141,1.9629018
ATP6V0E2,1.4559159,1.1552492,1.2749623,1.6081463,1.5779146,1.6610048,1.0865204,1.5572289
AGAP3,1.375224,1.8397839,1.6478336,1.6643281,1.573813,1.551418,1.6128545,1.4927026
RHEB,1.5704799,1.4922609,1.4864514,1.2431644,1.4472523,1.512581,1.6294035,1.4114021
WDR60,1.5610946,1.6794785,1.3136884,1.5122081,1.9981033,1.3008327,1.6579058,1.7293963
LINC00685,1.2143432,1.7535262,1.4921554,1.6121473,2.3209674,1.7093378,1.3471417,1.3593252
TMSB4X,1.4642246,1.5545743,1.5693586,1.3916751,1.4342378,1.543759,1.8457693,1.6027913
CNKSR2,2.1569147,1.8623542,1.772183,2.0433128,2.0995178,1.5076429,1.2619952,1.7407035
PTCHD1-AS,1.5876939,1.8259417,1.5771637,1.4487249,1.5454129,1.4180996,1.3795106,1.5206095
TSPAN7,1.3467194,1.3301084,1.4535728,1.6025531,1.8112304,1.6391833,1.4676703,1.3965482
BCOR,2.2091115,1.3362672,1.3740275,1.9547491,1.6834854,1.331758,1.8930893,1.3407884
ATP6AP2,1.6658145,1.5269428,1.382738,1.3355281,1.3617947,1.4660465,1.7388709,1.6717216
USP11,1.5954942,1.7709272,1.5867511,1.5564725,1.3877038,1.6207027,2.0840669,1.3685877
SYN1,1.2524056,1.7424144,1.7387824,1.4646974,1.7788975,1.9401102,1.3761864,1.3755909
PCSK1N,1.6742934,1.7553707,1.4160846,1.5133573,1.2574695,1.9953617,1.3895606,1.5404721
SYP,1.2780503,1.3894686,1.8195055,1.6287804,1.817073,1.7333863,1.9174905,1.5109023
NAP1L2,1.4692596,1.2768039,1.3681834,1.2984004,1.5068973,1.2450043,1.4110181,1.491249
XIST,1.3479742,1.490742,1.5143332,1.6116195,1.8410705,1.5074595,1.5738612,1.2750893
JPX,1.7587855,1.693629,1.660023,1.6894131,1.4912875,1.9316638,1.4233638,1.2274411
DDX3P1,1.1803311,1.7334148,1.4894304,1.3973535,1.7801791,1.768006,1.9671569,1.9364835
TTC3P1,1.4803,1.6728362,1.2908871,1.3503469,1.5088582,1.1665193,1.4618671,1.2055464
PCDH11X,1.4224107,1.3687184,1.5881326,1.4554656,1.7842294,1.5375013,1.4979844,1.8919783
RP13-258O15.1,1.5557044,1.4170269,1.948854,1.2736588,1.377179,1.7250226,1.8767717,1.3870937
NAP1L3,2.014572,1.1982343,1.5654948,1.2916765,1.4098049,1.6834184,1.4406376,1.5301083
TCEAL2,1.4920266,1.3027626,1.5180769,1.3508844,1.4313188,1.6673049,1.6856633,1.9086729
BEX5,1.556318,1.7414699,1.305803,1.4112651,1.4408557,1.4888444,1.593775,1.563921
BEX1,1.746036,1.8279432,2.0439901,2.0570326,1.9788164,1.5622405,1.5020338,1.3692138
BEX4,1.241133,1.4879948,1.5480499,1.3203723,1.5329604,1.3064362,1.2595097,1.3098315
BEX2,1.25982,1.57395,1.622965,1.3462565,1.4241197,1.4584122,1.6707959,1.7331272
NGFRAP1,1.6011885,1.7752061,1.2741207,1.7463248,1.5567775,2.0302691,1.694405,1.6691331
PGRMC1,1.4033146,1.2411069,1.6313527,1.3141017,1.5623304,1.3084847,1.2683412,1.3800718
RP3-417G15.1,1.2718625,1.8095477,1.9078168,1.4483798,1.3861228,1.8956819,1.3645067,1.5796936
FAM127A,1.484404,1.6460805,1.4217423,1.6101213,1.4108454,1.5183972,1.3021032,1.5382804
SLC9A6,1.2928772,1.2254564,1.6504045,1.2125317,1.4681271,1.3102387,1.4653519,1.9296173
LINC00632,1.9098983,1.4525037,1.9891567,1.2636241,1.6519367,1.286569,1.9219747,1.4201123
SLITRK4,1.765469,1.369783,1.2824677,1.3955345,1.5611893,1.3291384,1.4492896,1.0654761
FTH1P8,1.6285131,1.7866366,1.5785556,1.7423515,1.4216356,1.445242,1.2715122,1.2502139
IDS,1.8130143,1.6986225,1.8779212,1.5729251,1.6618154,1.4155715,1.4709262,1.3580477
PNMA3,1.6213657,1.3288327,1.3166572,1.5089046,1.7357249,1.5983222,1.7107905,1.3005832
PDZD4,1.4959905,1.4315472,1.5321954,1.1001602,1.3193148,1.6646972,1.6254371,1.7146393
ATP6AP1,1.1632522,1.3272882,1.3563339,1.2608626,1.7782799,1.506763,1.1471674,1.2317246
GDI1,1.5561423,1.4813185,1.5825826,1.4392062,1.538928,2.0158086,1.2367624,1.2116446
ERICH1-AS1,1.7749265,1.6822608,1.6558911,1.6872674,1.8088843,1.8156495,1.475653,1.6572441
DLGAP2,1.6167604,1.6579267,1.5679907,1.7142932,1.4127214,1.8030118,1.6858283,1.7250502
FAM85B,1.9609734,1.3029037,1.2727449,1.5473179,1.3203715,1.5613707,1.4364599,1.1774162
TNKS,1.5902629,1.9907244,1.4648774,1.3492899,1.2328318,1.4635009,1.3634837,1.4133923
LINC00599,1.7217528,1.4775488,1.5210845,1.2213814,1.4435692,1.5365013,1.6123878,1.446106
CTSB,1.3220758,1.3853871,1.3964857,1.6460109,1.6885383,1.3922657,1.3492876,1.3795019
FAM66D,1.6788108,1.3194472,1.4667311,1.1355933,1.2300906,1.4608184,1.5564977,1.4358552
SGCZ,1.886801,1.8422632,1.4125845,1.5458856,1.5339226,1.660062,1.4554849,1.774932
ATP6V1B2,1.4906343,1.1794863,1.5388656,1.2439091,1.3520207,1.233708,1.6440291,1.3660674
DMTN,1.8517836,1.2513837,1.9668541,1.5003939,1.4476448,1.5288585,1.12149,1.5319811
PHYHIP,2.231123,1.4519441,1.5537977,1.7427642,1.536162,1.7016859,1.8930637,1.9489417
RP11-624C23.1,1.7188628,1.5689696,1.1862986,0.9659396,1.6196961,1.5235476,1.4531106,1.4914912
NEFM,1.3491323,1.3733171,1.8259051,1.2403249,1.6907603,1.8718972,1.299243,1.2673397
NEFL,1.4582909,1.4982994,1.3760586,1.6673828,1.460465,1.220032,1.4801403,1.5483006
PNMA2,1.5808183,1.5257916,1.7551779,1.3392012,1.2959979,1.7356813,1.7730688,2.043652
DPYSL2,1.5463183,1.6707734,1.2206093,1.6008605,1.5890087,2.2885401,1.6188307,1.5167454
STMN4,1.8139684,1.6390847,1.3649199,1.8591783,1.1900487,1.7445283,1.3642308,1.406644
CLU,1.4001282,1.6216228,1.6910815,1.58812,1.5430825,1.5264215,1.7117183,1.3337116
FZD3,1.7084255,1.5739921,1.8353161,1.1917822,1.4274687,1.4315385,1.3150833,1.4777625
SARAF,1.2676109,1.250796,1.4625473,1.6446007,1.8466192,1.7968236,1.2857553,1.4945565
PPP2CB,1.578786,1.4967467,2.0744667,1.6848083,1.3068006,1.6250181,1.7299228,1.8639649
NRG1,1.8935275,1.5741203,1.8211579,1.8674897,1.9201334,1.9528856,1.4979298,1.5556698
UNC5D,2.06337,2.4245956,1.6586491,1.5200335,2.3176892,1.3958613,1.6583012,1.522318
VDAC3,1.5111705,1.3604501,2.095207,1.3374223,1.9168162,1.6862932,1.4686182,1.6737338
SNTG1,1.7643539,1.3219641,1.340467,1.9777662,1.7377539,1.8126063,1.7412355,1.5745533
XKR4,1.5902956,1.833515,1.6747742,1.6518326,2.0429747,1.3815672,1.954988,1.6931485
SDCBP,1.6698797,1.2091117,1.3948969,1.3294951,1.9523395,1.6538275,1.4617937,1.4862692
C8orf34,1.6133871,1.7835612,1.3892733,1.4111726,1.2824528,1.4320446,1.1918688,1.5405033
KCNB2,1.2228949,1.2984474,1.613469,1.5779874,1.7128748,2.0973046,2.1403377,1.4709758
FLJ39080,1.5443357,1.2629354,1.1775255,1.0154531,1.3524251,1.5156167,1.8026848,1.3965446
STMN2,1.7458669,2.319617,1.9606682,1.4527941,1.464941,1.3358192,1.8153322,1.7117087
RALYL,1.7511569,2.1141753,1.590182,1.8442377,1.9947865,1.5864875,1.6263399,1.5580844
RP11-586K2.1,1.5653477,1.5152323,1.5871779,1.1407849,1.1004517,1.7222207,1.4905553,1.8043132
NECAB1,1.0812194,1.663325,1.4402771,1.5994855,1.6413826,1.3619736,1.772748,1.6869382
PDP1,1.4152465,1.8577107,1.4124309,1.3346442,1.8710287,1.7640457,1.895541,1.426719
UQCRB,1.5086325,1.594973,1.5967985,1.4865991,1.5690992,1.528731,1.0456896,1.6278632
NIPAL2,1.6460867,1.7216005,1.8484181,1.4763108,1.480482,1.4985968,1.6419843,1.4635333
COX6C,1.5068964,1.3126194,1.4663545,1.3790053,1.6826794,1.4381053,1.445496,1.5970743
YWHAZ,1.654124,1.293704,1.693349,1.7570361,1.2922136,1.4596995,1.6901187,1.852497
ZFPM2,1.7937078,1.9227861,1.389851,1.6680533,1.6420594,1.9497621,1.2646539,1.6591176
RP11-649G15.2,1.4486569,1.3292938,1.2867483,1.3871068,1.4874483,1.3372729,1.7524966,1.877666
RP11-946L20.4,1.3276273,1.341659,1.870665,1.1591222,1.3850104,2.2856624,1.427133,1.827281
CSMD3,1.9766215,1.6074347,1.6793565,1.6062509,1.737795,1.7133288,1.8391451,1.9859421
TRPS1,1.2804136,1.5036862,1.3659284,1.7038558,1.4446149,1.4477786,1.2780744,1.7746996
AC023590.1,1.5131565,1.7066941,1.9975055,1.3506411,1.6900477,1.5388473,1.5991442,1.2572273
LINC00824,1.9778363,1.636789,0.9752372,1.3895133,1.2669314,1.6489526,1.6596352,1.4783254
KCNQ3,1.5571562,1.6532583,1.4829049,1.4951856,1.959151,1.9740099,1.4913085,1.7360502
KHDRBS3,1.9962139,1.9067535,1.6914772,1.7090822,2.1876826,1.513357,2.1270845,1.3109261
RP11-30J20.1,1.7153332,1.7769736,2.059479,1.6490239,1.7403607,1.9376522,2.2990682,1.5905299
BAI1,1.399368,1.3386285,1.3530076,1.0662011,1.5523533,1.5642939,1.2280201,1.7027392
LYNX1,1.408657,1.331055,1.5549264,1.4315728,1.6114516,1.237695,1.3539841,1.2886797
LY6E,1.5488771,0.95663655,1.796461,1.4752326,1.570863,1.2103078,1.9205263,1.7574317
LY6H,1.571171,1.9158894,1.3673275,1.6378815,1.4047339,1.8034776,1.4062014,1.4926602
GRINA,1.1735027,1.5007464,1.3911837,1.850059,2.1312342,1.3409984,1.2686379,2.5170352
KIFC2,1.3487371,1.2243371,1.4497565,1.6721643,1.1658,1.5581648,1.4441779,1.4002362
RFX3,1.3645746,2.167946,1.792816,1.4181522,2.5155485,1.6476834,1.4002724,1.4836117
GLIS3,1.290585,1.7730116,1.7883677,1.6169523,1.6136808,1.6466091,1.5679379,1.5155602
PTPRD,1.5402285,2.0177498,1.3911866,1.7981445,1.6283398,1.7969224,1.9982151,1.7040373
RP11-75C9.2,1.6961629,1.5426338,1.2725371,1.6430286,1.5624895,1.6561213,1.462572,1.2524527
MPDZ,1.4474211,1.7010245,1.3103127,1.3493559,1.2030157,1.787199,1.9087368,1.4875251
ZDHHC21,1.0556148,1.9807794,1.6966264,1.6441569,1.2461083,2.1982222,1.7115387,1.3094378
SLC24A2,1.6964036,1.4968443,1.8252213,1.3701253,1.6778731,1.8886757,1.7757843,1.6454418
ELAVL2,1.5953476,1.5947924,1.2833598,1.6841556,1.220459,1.573899,1.3672392,1.4573398
LINGO2,1.8526895,1.3826033,1.8450059,1.7126834,1.8652382,1.3372005,1.541567,1.7642975
DNAJA1,1.842588,1.738894,1.5862266,1.1500646,1.5678407,1.5819212,1.3315846,1.3186114
RP11-318K12.2,1.4081022,1.528746,1.4477024,1.3145753,1.1323124,1.3216536,1.6314905,1.5238736
RP11-87H9.2,2.006677,1.8132414,1.7617307,1.4494766,1.5666448,1.7653059,1.4696826,1.8693424
RP11-236F9.2,1.5427358,1.386717,1.252074,1.1288754,0.9526313,1.6991001,1.442853,1.3105669
ZFAND5,1.490628,1.8381349,1.3238624,1.4303703,1.4899409,1.5765681,1.3668395,1.2557867
RORB,1.5915451,1.531921,1.6416819,1.8573602,1.6622064,1.4733697,1.5522821,1.4472916
RFK,1.298618,1.3078246,1.3306319,1.9970529,1.2819397,1.693633,1.6141348,1.5862204
RP11-154D17.1,1.7652411,1.996154,1.3946254,1.2961763,1.8113998,1.5645818,1.4170609,2.2951944
HNRNPK,1.6836691,1.5368264,1.4428418,1.3491056,1.3496572,1.326088,2.117983,1.2803663
NTRK2,1.8218739,1.4961463,1.4796499,1.711142,1.4943497,1.7879132,1.377578,1.5817196
SHC3,1.4554589,1.8428574,1.4037864,1.420575,1.6464163,1.7355982,1.429625,1.6416631
CENPP,1.707037,1.2025869,1.132861,1.6179417,1.7365637,1.0465521,1.918092,1.3482847
SCAI,1.4170221,2.0599723,1.393043,1.8928312,1.5510162,1.8042306,1.5359967,1.6962938
STXBP1,1.9904352,1.324205,1.8088589,1.806827,1.3516883,1.5500963,1.3600173,1.3005826
C9orf16,1.4942949,1.3516531,1.6893854,1.376584,1.5332959,1.335583,1.4904157,1.6555516
DNM1,2.0005386,1.7621552,1.5252312,1.8753844,1.364883,1.5761082,1.7889298,1.5959212
OLFM1,1.7062578,1.6611271,1.6951698,2.0080752,1.3041711,1.5637931,1.4416101,1.4282651
EDF1,1.4193038,1.4113004,1.643843,1.8742595,1.3472602,1.3972349,1.3241118,1.2468928
GRIN1,1.6427963,1.6094931,1.9129372,1.4062524,1.497146,1.5630108,1.4809387,1.7231102
TUBB4B,1.5532341,1.1351451,1.5222584,1.2900376,1.8500993,1.4138865,1.5149883,1.4656725
NSMF,1.5716991,1.5840372,1.7917597,1.5729247,1.195467,1.5218344,1.4093789,1.8148135
MRPL41,1.3811797,1.3895854,1.8177662,1.1464132,1.297601,1.9251817,1.6995429,1.1452982
B4GALNT4,1.4207973,1.2273828,1.8263912,1.9176388,1.515474,1.3589116,1.727614,1.2305267
CEND1,1.2681032,1.4344096,1.4961292,1.3611292,1.4310905,1.4226414,1.4035465,1.3833615
SLC25A22,1.4087822,1.2879268,1.4731977,1.5686738,1.481499,1.8496246,1.5012237,1.4707124
AP2A2,1.660729,1.3123281,1.6957324,1.5450218,1.5252353,1.7036681,1.7307216,1.5759008
TOLLIP,1.4737297,1.5163614,1.7808533,1.5525833,1.4881029,1.4061508,1.3425078,1.4688642
BRSK2,1.3228838,1.5276566,1.4236789,1.0599636,1.2208402,1.4608101,1.5736655,1.579637
APBB1,1.4830799,1.3061476,2.0055082,1.3657694,1.6881673,1.3585728,1.4943224,1.4659686
RIC3,1.4661256,1.5630554,1.2111901,1.5127296,1.4512808,1.4664009,1.708327,1.8590317
EIF4G2,1.780388,1.4697052,2.016399,1.4970765,1.4837133,1.7504538,1.7126572,1.3903469
GALNT18,1.3631436,1.4405594,1.4007472,1.6751778,1.8496698,1.348809,1.6095347,1.3412025
DKK3,1.4744146,1.5143698,1.8361014,1.5168858,1.391227,1.1965121,1.7851121,1.6025025
MICAL2,1.8313923,1.7792128,2.1673896,1.3560642,1.9792693,1.8120588,1.4515502,1.6488676
PLEKHA7,1.7882363,1.2982872,1.7540916,1.9311347,1.5066801,1.3773968,1.7482162,2.0055637
LUZP2,1.6227041,1.2163935,1.6577268,1.0886725,1.4106768,1.7880014,1.4773042,1.3547912
BDNF,1.8502872,1.4079964,1.30561,1.4021292,1.6831937,1.3838227,1.3677247,1.3760241
HSP90AA2P,1.7896078,1.4450076,1.5406426,1.3599178,1.2248762,2.0316207,1.4460642,1.0909966
SLC1A2,1.5805259,1.3319101,1.7281905,2.0570233,1.4242252,1.674858,1.2526376,1.61412
LRRC4C,1.5152975,1.1486579,1.7590185,1.69348,1.5930434,2.0823133,1.2260532,1.5190994
HSD17B12,1.2769799,1.7296493,1.3396583,1.6430289,1.9736167,1.7513515,1.5906758,1.8344821
MAPK8IP1,1.8239288,1.3555367,1.3118789,1.7569438,1.8151722,1.4755212,1.336892,1.2569312
DGKZ,1.7853297,1.4648796,1.5130148,0.9815584,1.6886786,1.3526943,1.2782093,1.3054531
LRP4,1.9048712,1.9833574,1.4867717,1.8600364,1.4080958,1.9378433,1.3911794,1.55309
C1QTNF4,1.547637,1.4667346,1.28664,1.3063228,1.239584,1.3587419,1.5267245,1.3187644
FTH1,1.6048182,1.3746723,1.6877649,1.2159148,1.6482606,1.6226299,1.2211897,1.928033
GNG3,1.6964984,1.7697277,1.3057451,1.4083087,1.3118091,1.4563334,1.569833,1.5836205
SLC22A10,1.7421702,1.5194278,1.4399859,1.5117218,1.8454599,1.628487,1.5561842,1.5640658
RTN3,1.675128,1.6801898,1.5796992,1.5577648,1.8623955,1.5666091,1.8602976,1.5138662
OTUB1,1.6465423,1.4258349,1.4352765,0.9630389,1.8302237,1.7770087,1.5939069,1.4837677
PRDX5,1.8823445,1.2485515,1.4287304,1.2000514,1.4289883,1.7581297,1.458423,1.4404416
NRXN2,1.6807233,1.0961403,1.8458251,1.4006091,1.8448752,1.5362228,1.5461977,1.3061535
FAU,1.9025222,1.3738277,1.5490994,1.5711927,1.4857302,1.723752,1.3417006,1.6647416
MALAT1,1.7808049,2.4897606,1.7269374,1.6566917,2.1732209,2.1615534,1.9981779,2.2851582
CFL1,1.2366673,2.0303836,1.3947525,1.7315778,1.4567373,1.9042602,1.5402488,1.4601028
CCDC85B,1.0346302,1.556717,1.5036547,1.1797763,1.3494372,1.2220703,1.6835132,1.4882678
B4GAT1,1.9746962,1.3626385,1.8583406,1.428174,1.316056,1.1974736,1.3127731,1.3197144
NPAS4,1.0061855,1.6314474,1.5760869,1.6525276,1.3024626,1.8995512,1.3988851,1.8408273
SHANK2,2.1727486,1.1406318,1.8535907,1.3557881,1.4571164,1.7387693,1.1068565,1.6439555
PGM2L1,1.9061077,2.0731156,1.3815248,1.416717,1.475791,1.5881467,1.4214272,1.7345686
RP11-864N7.2,1.5646849,1.9196359,1.2314893,1.2567238,1.2574471,1.6667018,1.319836,1.6864686
TENM4,1.6167865,2.1747541,1.5554206,1.3615817,1.4981025,2.0946963,1.5800604,1.59996
RP11-160H12.2,1.6206548,1.1766564,1.490197,1.447987,1.2362247,1.3337485,1.4805893,1.3633583
CTD-2537O9.1,1.924289,1.6370549,1.703982,1.8979119,1.9445082,1.2160369,1.205048,1.868653
TAF1D,1.3177344,1.4638032,1.4841862,1.1758587,1.4176195,1.479136,1.5577192,1.2103041
CNTN5,1.9052366,1.7177325,1.5448897,1.5194511,1.7070616,1.6048326,1.0262872,1.5345383
KIAA1377,1.4537832,1.4755287,1.803138,1.3716707,1.7086514,1.4399459,1.3770646,1.6726874
PDGFD,1.1131303,1.3302147,1.7292879,1.6675342,1.413518,1.4584526,1.3788823,0.9594209
GUCY1A2,1.5236658,1.3647656,1.6938347,1.3268225,1.9014581,1.4876503,1.8043027,1.6848385
C11orf87,1.9797913,1.2613512,2.0152001,1.6166898,1.4906003,1.6224879,1.5328896,1.8292263
CADM1,2.0427902,1.2226069,1.5954767,1.6515929,1.641103,1.7354184,1.784389,1.4835563
PAFAH1B2,1.600503,1.7449352,1.1778826,1.2995203,1.2171953,1.0953003,1.2122734,1.3192662
DSCAML1,1.4228438,1.4190679,1.5882784,1.5985527,1.4831272,1.280164,1.9202423,1.2579099
ATP5L,1.3473958,1.3608335,1.6678509,1.2446532,1.8400654,1.4493417,1.5377257,1.1919199
THY1,1.5917654,1.3194125,1.7119853,1.8475785,1.7036074,1.3981248,1.6131277,1.4455312
HSPA8,1.6033258,1.3380796,1.1950747,1.6396521,1.425786,1.4896055,1.4770478,1.5706869
SCN3B,1.7722132,1.8137072,1.4994466,1.1140249,1.8743558,1.3178759,1.8002603,1.4182606
TBRG1,1.414239,1.2340202,1.3950738,1.4633688,1.4096493,1.5561923,1.4572252,1.7534467
NRGN,1.3951386,1.9320765,1.4217759,1.7896788,1.7128543,1.7142035,1.8058943,1.7777661
KIRREL3,1.5767994,1.9430777,1.6334753,1.6694455,1.7940484,1.6117033,1.3557739,1.4734898
APLP2,1.673829,1.5174558,1.4195365,1.5352532,1.6740413,1.9424363,1.4808735,1.773861
NTM,1.4337382,1.5532588,1.3381971,1.7350266,1.7488494,1.3777674,1.472832,1.4416747
OPCML,1.6564045,1.7057723,1.6172593,2.2161176,1.3908268,1.2704483,1.8760988,1.8701032
LINC00710,1.5455632,1.2241762,1.4804637,1.8257056,1.292867,1.6150123,1.5720891,1.6005365
CELF2,1.7663919,2.091804,1.4607893,1.5805589,1.7282947,1.5792289,1.7171259,1.4715436
CAMK1D,1.7718494,1.8337096,2.022188,1.648174,2.369039,2.0757468,1.9932654,1.3288122
CACNB2,1.7051334,1.4987543,2.2071166,1.8214711,1.577902,2.0631382,1.2898175,1.5292524
RP11-499P20.2,1.3910892,1.451905,1.2813576,1.5109776,1.3499521,1.519439,1.5080974,1.1132785
PLXDC2,1.680778,1.7622541,1.3170184,1.3979304,2.3883631,1.6420455,1.2438582,1.5905952
KIAA1217,1.6622444,1.3501362,1.4508982,1.4807247,1.6871364,1.485245,1.6671293,1.3849567
ZEB1,1.4177767,1.5015141,1.3304158,1.3737072,1.7513134,1.7746718,1.6813774,1.4577667
PRKG1,1.6037387,1.6130903,1.2230369,1.6735363,1.2767099,1.3641771,1.7817913,1.1722689
PHYHIPL,1.511919,1.4801664,1.7356979,1.9401058,1.6126101,1.344277,1.629734,1.9005541
ARID5B,1.2656726,1.400759,1.327227,1.6098856,1.4341426,1.887402,1.6328517,1.6864542
CTNNA3,1.428687,1.3396055,1.1032902,1.7747359,1.2848566,1.7590032,1.6904774,1.3604859
LRRTM3,2.205015,1.5018312,1.744767,1.9999574,1.8413188,1.541056,1.6618847,1.8668383
PSAP,1.5499774,1.3752109,1.78682,1.6172711,1.7932549,1.6198137,1.760567,1.5202435
PPP3CB,1.8766462,1.7263126,1.9316872,1.4054967,1.8690263,1.211634,1.4653269,1.3719113
GHITM,1.2226738,1.7797155,1.6535403,1.421,1.3325908,1.5989323,1.3908325,1.8968887
SNCG,1.6425289,1.4497292,1.3057879,1.687951,1.2776377,1.5773517,1.1282285,1.1827294
NUTM2A-AS1,1.2337494,1.3673351,1.7634815,1.5832522,1.7979668,1.6541643,1.656914,1.7314305
SORBS1,1.7217406,1.5225182,1.5129212,2.1047115,1.8267874,1.5847274,1.7632416,1.7230633
PGAM1,1.5179862,1.6694846,1.8548932,1.3857043,1.5299575,1.4507362,1.3710804,1.3757339
PSD,1.7231596,1.6043651,1.3501807,1.4530898,1.52106,1.2440629,1.4925388,1.6726968
USMG5,1.829692,1.6676314,1.6351126,1.1521658,1.9481772,1.4412276,1.4076542,1.429233
SORCS3,1.5060078,1.5066268,1.8232635,1.5899174,2.0115302,1.5709946,1.5520858,1.6631446
RP11-215A21.2,1.5009707,1.2177204,1.318692,1.4146811,1.5248249,1.3724154,1.3768638,2.0161767
INPP5F,1.1880455,1.2257409,1.7297069,1.4859203,1.7552851,1.275209,0.99240774,2.0780075
BNIP3,1.7074922,1.2435738,1.1314694,1.3401436,1.5286171,1.3256694,1.2966467,1.0980192
SPRN,1.9190924,1.3680161,1.5637122,1.3891128,1.5225756,1.2120956,1.61107,1.2583004
GAPDH,1.7462327,1.9707127,1.6761788,1.5624049,1.6248673,1.5507162,1.8530449,1.3710735
MLF2,1.5003164,1.2098699,1.6879804,1.441494,1.3131707,1.3862426,1.4028631,1.4152176
PTMS,1.6012578,1.2386345,1.6064725,1.4501472,1.3955039,1.4578985,1.5192312,1.3412865
TPI1,1.7928627,1.3704875,1.946237,1.5832281,1.287895,1.7211382,1.4632543,1.4181098
ENO2,1.7984872,1.7824042,1.2474365,1.7503525,1.4210938,1.7226682,1.6411438,1.5057708
CLSTN3,1.2644309,1.8899279,1.8694948,1.9601035,1.4979768,1.7367338,1.512038,1.4691209
GABARAPL1,1.3189969,1.6507243,1.3643432,1.4142184,1.5450165,1.3242928,1.3642993,1.3644973
GRIN2B,2.1502757,1.595821,1.918301,2.256571,2.3098593,1.7815056,1.6300749,1.322344
MGST1,1.5877798,1.5096779,1.6434739,1.5613428,1.3448259,1.8763446,1.658074,1.5176461
LMO3,1.7633802,1.423777,1.5219115,1.4612566,1.3922017,2.1049097,1.3007014,1.9362776
LDHB,1.7448835,1.2222539,1.6924927,1.4196562,1.4237466,1.5528938,1.2811351,1.2001996
ETNK1,1.2595619,1.725637,1.9208854,1.2716556,1.9343454,1.48692,1.4830898,1.4322283
SOX5,1.620901,1.6761227,1.9924616,1.5310615,1.5369612,1.4743847,1.4983662,1.0624352
ITPR2,1.3300015,1.3455755,1.9781669,1.3411914,1.5649587,1.6434735,1.6325569,1.778229
PPFIBP1,2.0061576,1.5551522,1.3111533,1.4439149,1.4973884,1.6913798,1.5684522,1.4877751
TMTC1,1.1473982,1.3017148,1.5916557,1.4107927,1.5400435,1.4865818,1.3502237,1.2173449
KIF21A,1.5849727,1.372087,1.8227088,1.4797105,1.4339414,1.7931566,2.0900033,1.6438622
CNTN1,1.4762502,1.8112636,1.8760421,1.9523654,2.036862,1.5923653,1.8862518,2.0095415
TMEM117,1.5915694,1.2894131,1.4772811,1.6115109,1.3152696,1.977986,1.9382108,1.3547823
CCDC65,1.8034831,1.7701249,1.4485017,1.3156812,1.3517576,1.6693484,1.6751224,1.3554485
TUBA1B,1.6562101,1.5222987,1.454535,1.4587275,1.3731189,1.5360622,1.497247,1.3822992
TUBA1A,1.1879169,1.5347227,1.4720503,1.9450426,1.5610853,1.7577571,1.6070492,1.5557793
FAIM2,1.6093467,1.3723403,1.1163782,1.640978,1.6840173,1.5178493,1.2519578,1.1648722
RP4-605O3.4,1.8618859,1.6220059,1.8678817,1.2782358,2.1414464,1.1347537,1.3378905,1.4506618
GRASP,1.3987802,1.597287,1.5917429,1.2288957,1.6127282,1.2845919,1.4043223,1.2809455
NR4A1,1.5325083,1.5511535,1.55934,1.5232015,1.6023519,1.5382845,1.4059535,1.35283
PFDN5,1.6043711,1.6129123,1.3649235,1.6278818,1.6650063,1.5399377,1.3007791,1.4426742
TESPA1,1.797488,1.5618087,1.7831984,1.6479263,1.6452385,1.5140903,1.1523031,1.5982134
RP11-977G19.5,1.380699,1.4693623,1.5024377,1.3294091,1.7986815,1.878886,1.417912,1.3800039
ATP5B,1.4185804,1.8030745,1.5080609,1.3024373,1.627893,1.2530679,1.2988151,1.3197197
NACA,1.2418418,1.4450536,1.3933425,1.3230377,1.1505893,1.747255,1.5586723,1.531595
R3HDM2,1.811905,1.3693101,1.5403163,1.7464734,1.8437865,1.8491607,2.153268,1.6687266
AGAP2,1.4836498,1.8028061,1.3797191,1.4158062,1.308589,1.4056302,1.3306886,1.3266076
RP11-611E13.2,1.9734191,1.5532933,1.4754206,1.1702515,1.3586394,1.353278,1.5277463,1.7790405
TRHDE,1.7693728,1.5970739,1.5464253,1.598585,1.3776212,1.9199727,1.4254646,1.472252
KCNC2,1.3491039,1.9583615,1.53298,1.5917251,1.9350382,1.6714932,1.7468603,1.7825989
SYT1,1.7912413,1.628135,1.690796,1.6095428,1.9010583,1.0940375,1.5923643,1.4446788
RP11-390N6.1,1.5790471,1.3255357,1.6632022,1.7676702,1.5559863,1.3741354,1.2623765,1.4867837
RP1-78O14.1,1.8711427,1.6296694,1.549364,1.3451537,1.3530505,1.8972532,1.73205,1.597543
PPFIA2,1.4550886,1.5031065,1.7587041,2.0663514,1.5967914,1.9240179,1.8356913,1.2729175
RP11-315E17.1,1.2768345,1.8082321,1.5847068,1.5362798,1.4256191,1.3956369,1.4015987,1.6187838
MGAT4C,1.7999301,1.6919748,1.5822355,1.7056313,1.4635177,1.6122032,1.5161729,1.6076317
DUSP6,1.4523057,1.4908606,1.6675069,1.479808,1.3607687,1.3967402,1.4343172,1.119397
ATP2B1,1.7138945,1.8731958,1.7404828,1.8749378,1.9814425,1.8240213,1.6056961,1.4648021
NUDT4,1.7157947,1.4047179,1.2172434,1.4103755,1.021994,1.4601171,1.2868245,1.2616792
RMST,1.4744343,1.3472369,1.6914343,1.6210067,1.3742204,1.6714368,1.5699029,1.4466642
RP11-473C19.1,1.5484339,1.4542205,1.3030893,1.6766694,1.8156135,1.6931068,1.5081941,1.434849
HSP90B1,1.5262761,1.3244388,1.5881927,1.3381313,1.6404724,1.0761518,1.52664,1.6677555
NUAK1,1.591887,1.4931934,1.3556086,1.3261222,1.6965755,1.4095954,1.6185111,1.6929425
ATP2A2,1.3156046,1.5914563,1.3463558,1.5643274,1.4926409,1.6581486,1.6380088,1.3624285
KSR2,1.4700835,1.7990867,1.446651,1.3798326,1.7519408,1.4246007,1.5204383,1.5515808
PEBP1,1.3669621,1.5527555,1.852053,1.2512045,1.4627733,1.628071,1.6752234,1.4280026
DYNLL1,1.4726055,1.4482377,1.7572957,1.9658941,2.0037248,1.4031055,1.9326109,1.7420168
CABP1,1.560232,1.4424652,1.3037342,1.3261656,1.6082844,1.6974019,1.2520558,1.9647853
UBC,1.3901806,1.4474578,1.6659633,1.6211568,1.4306506,1.6842598,1.2975521,1.9319786
LINC00507,1.5476711,1.3708395,1.2765939,1.5081747,1.5633315,1.3767695,1.4339907,1.6233877
LINC00508,1.5108697,1.7924501,1.3099556,1.350949,1.5286669,1.4018791,1.3713151,1.5461363
RIMBP2,1.6611649,1.4291879,1.712166,1.7797357,1.6477273,1.7723993,1.5153018,1.4900777
MMP17,1.351741,1.5031406,1.5128909,1.4566491,1.5064062,1.4042695,1.4904032,1.1210878
MPHOSPH8,1.6566124,1.3532851,1.010105,1.4051026,1.7022488,1.7160182,1.8416606,1.6867621
ATP5EP2,1.995258,1.0310695,1.2418545,1.1324964,1.2783027,1.4073975,1.5427629,1.4222425
HSPH1,1.6469619,1.5067885,1.4193343,1.1447998,1.5543574,1.6630416,1.3004392,1.4730928
N4BP2L2,1.4887707,1.6991405,1.8938022,1.7040865,2.0877545,1.8054972,2.261503,1.2413285
AKAP11,1.6027708,1.9669287,1.7711982,1.5793437,1.6789237,1.5800539,1.3652732,1.6012423
TSC22D1,1.8248315,1.5706018,1.5623904,1.5230906,1.7453426,1.448256,1.8638942,1.3629124
TPT1,1.4283684,1.8195161,1.2363613,1.4594059,1.6764657,1.6035501,1.6872543,1.7980494
HTR2A,1.3227676,2.0541947,1.7321562,1.0363554,1.4864844,1.2519475,1.5968043,1.5775062
ITM2B,1.4836106,1.277994,1.7331785,1.7698406,1.5991106,1.5701514,1.9261763,1.6081083
COX7CP1,1.4000492,1.9552536,1.1679358,1.5664725,1.5896242,1.6620142,1.9609824,1.3192616
PHF11,1.3584838,1.4562217,1.001927,1.6266862,1.2782822,1.496086,1.701891,2.003678
PCDH8,1.5618,1.3975779,1.2680387,1.0997635,1.3894906,1.7812223,1.5344378,1.6776459
PCDH9,2.0438118,1.9695914,1.7889155,1.5169443,1.600566,2.0146475,1.7943754,2.0358348
PCDH9-AS1,1.4016097,1.4758373,1.3352692,1.6625048,1.5515735,1.3534777,1.3962024,1.4838096
PCDH9-AS2,1.532744,1.1524746,1.5026048,1.4810771,2.0649602,1.5505582,1.9264733,1.5721421
NDFIP2,1.4986613,1.606366,1.4790136,1.2031693,1.7892942,1.3272433,1.3706119,1.6084399
GPC5,1.5680366,1.854411,1.8468449,1.2644439,1.9205557,1.642698,1.0574919,1.3523163
HS6ST3,1.5028505,2.1002908,1.8888079,2.2400374,1.7237071,1.8935008,2.03848,1.4844497
RAP2A,1.6987067,1.6131798,1.4822742,1.3494437,1.141268,1.5792358,1.0144819,1.5726943
ARGLU1,1.3996477,1.5061659,1.2823625,1.6094651,2.3979104,1.4075675,1.4126778,1.8956913
MYO16,1.5789549,1.3515836,1.3556433,1.5692439,1.2699699,1.436834,1.4455398,1.6225479
PABPN1,1.0934533,1.4320177,1.347682,1.6219674,1.9086214,1.7980386,1.1269614,1.3461955
SLC22A17,1.8630646,1.3804152,1.5595698,1.566313,1.5390023,1.9201144,1.3304834,1.518481
RP11-314P15.2,1.2880203,1.5580524,1.757906,1.9387494,1.7371147,1.5211258,1.5787796,1.6028441
ATL1,2.038852,1.7784195,1.5532753,1.5313431,1.7982237,1.6757575,1.534967,1.7708346
ARID4A,1.4144669,1.5201063,1.9187447,1.6052587,1.8242955,1.6748302,1.4560226,1.151663
RP11-112J1.1,1.604843,1.2192538,1.4325889,1.2273705,1.6811851,1.1046429,1.3501599,1.704218
RTN1,1.5539857,1.8456016,1.6125954,1.8929138,1.9810392,1.5626166,1.3481603,2.110268
KCNH5,2.022415,1.4437649,1.4341543,1.52731,1.5201852,1.4049717,1.9764673,1.2750626
SRSF5,1.645685,1.234105,1.73822,2.0854595,1.4616492,1.8801695,1.2954463,1.6319093
FOS,1.0874226,1.1719209,1.6097549,1.3399671,1.5527154,1.4215782,1.7848495,1.8954021
NRXN3,1.6935688,1.8723426,1.658314,1.6678588,2.1538947,1.661461,1.9209712,1.6385319
RP11-242P2.1,1.4945428,1.5511569,1.5740615,1.492837,1.3571838,1.6279539,1.5588986,1.5534822
RP11-594C13.1,1.5913974,1.5262735,1.7301139,1.2989665,1.770858,1.937045,1.581784,1.9265025
CALM1,1.714408,1.5207834,1.7851193,1.4684094,1.5002788,2.06162,1.3858376,2.216103
CHGA,1.6117833,1.321676,1.3332202,1.4262509,1.680108,2.23911,1.4867238,1.2118286
DDX24,1.4961922,1.5870897,1.4916064,1.1739743,1.3704951,1.6933795,1.4774247,1.4750985
CYP46A1,1.4077439,1.2508551,1.4538858,1.4620036,1.8840512,1.8237895,1.371461,1.6809661
MEG3,1.9906176,1.8552296,1.9507247,1.4333738,1.875234,1.9946547,1.9629859,1.6751231
MEG8,1.5489748,1.3221363,1.9350679,2.0568438,1.5909485,1.3886173,1.6853242,1.7021784
RP11-796G6.1,1.3962154,1.1726186,1.6398602,1.4116027,1.6526061,1.5187225,1.2377954,1.43859
HSP90AA1,1.6120318,1.8084453,1.5528095,1.8624692,1.5474964,1.9187808,2.1214197,1.5537333
CKB,1.4712945,1.3248137,1.454406,1.9790243,1.7189364,1.5613923,1.8727499,2.3891718
KLC1,1.3037386,1.9023522,1.158853,1.57037,1.5231155,1.8745227,1.386616,1.482637
C14orf2,1.3433232,1.6998873,1.7259214,1.8277972,1.8984857,1.5918256,1.6038672,1.1537592
INF2,1.4845192,1.3435637,1.2243354,1.5714809,1.8159834,1.6363411,1.5746174,1.3433656
CRIP2,1.8309399,1.085725,1.3933036,1.3887358,1.2987548,1.7667123,1.6724391,1.5871898
SNRPN,1.2667909,1.713394,1.7293557,1.0546288,1.6210796,1.3263886,1.6084543,1.2981322
GABRG3,1.7814112,1.756045,1.4877832,1.6830553,1.8540497,1.6850632,1.6173449,1.5213087
SCG5,1.45491,1.4617715,1.6387792,1.5271378,1.4651875,1.7368832,1.7275186,1.7636077
RYR3,1.6962729,1.7100109,1.2393453,1.8871614,1.7898184,1.463643,1.6747292,1.4516267
GOLGA8B,1.4029443,1.5446923,1.5770127,1.4055214,1.2758104,1.313747,1.1937846,1.3780495
MEIS2,1.6869407,1.6595806,1.4656891,1.3580545,1.3982131,1.645334,1.5956105,1.591391
SPRED1,1.359085,1.2383292,1.7004086,1.5406806,1.1926509,1.908826,1.8232095,1.235799
SRP14,1.371002,1.570613,1.5812064,1.5042356,1.1554822,1.4724593,1.6296568,1.209296
RTF1,1.686701,1.4702282,1.5616832,1.6324997,1.64771,1.6714511,1.5165035,1.6949905
MAP1A,1.6849761,1.6398112,1.3707116,1.2934753,1.221236,1.7522602,1.6060174,1.1278545
SERF2,1.3613081,1.4439033,1.6845667,1.4218895,1.7074162,1.2104053,1.4824058,1.5122124
EID1,1.5046934,1.5924704,1.4115318,1.2501884,2.078608,1.2420553,1.5091221,1.4227129
GABPB1-AS1,1.5735458,1.3878348,1.7216706,1.442445,1.4147189,1.2945629,1.233157,1.0954767
ARPP19,1.2926896,1.7599306,2.0881124,1.6226904,1.7454008,1.9635221,1.9606708,1.5887785
UNC13C,1.2840443,1.5055215,1.3546786,1.9896992,1.678944,1.6642838,1.364274,1.676947
RORA,1.8622963,1.3261107,1.6276565,1.7317351,1.6758064,1.4514536,1.6953491,1.3297031
RAB11A,1.7755412,1.7156818,1.7206419,1.3099626,1.9179385,1.8261617,1.8294861,1.2950794
MAP2K1,1.7065154,1.7809178,1.9753823,1.6241544,1.47889,1.4863883,1.408575,1.4895949
RP11-592N21.1,1.3921181,1.2936031,1.427001,1.334532,1.7220671,1.7687043,1.5380727,1.4845561
PKM,1.7049485,1.7662456,1.5358775,1.7730356,1.5113503,1.366996,1.575773,1.4378196
NPTN,1.5196913,1.5771166,1.2698791,1.5455749,1.3302238,1.2282023,1.491946,1.540739
SCAMP5,1.3381312,1.8368403,1.322241,1.3017161,1.1590945,1.4704982,1.5072958,1.6548071
LINGO1,1.5687163,1.993922,1.8005933,1.7065463,1.8417944,1.483556,1.6320573,1.7792977
MORF4L1,1.9189675,1.6881006,1.3278085,1.4316189,1.4110216,1.2357992,1.7628069,1.791526
UBE2Q2P6,1.3081324,1.8142093,1.5526475,1.4603666,1.7038774,1.5026753,1.825868,1.5886322
MEF2A,1.6492229,1.4812616,1.7484882,1.649447,1.508309,1.6922684,1.7926955,1.360934
ARHGDIG,1.4325445,1.3640492,1.3118689,1.7507309,1.3585361,1.1521225,1.5680342,1.1728749
C16orf13,1.1645156,1.1906105,1.6537033,1.174417,1.4731462,1.6787323,1.3421426,1.4099699
MAPK8IP3,1.3241675,1.4341366,1.5420681,1.2633874,1.4081824,1.8822038,2.1510522,1.8718697
PKD1,2.050465,1.8698068,1.6138973,1.1726563,1.7044371,1.8760768,1.2472316,1.3141671
SRRM2,1.4508249,1.6890098,1.3387724,1.2648463,1.6224731,1.1450734,1.0949166,1.6376799
TCEB2,1.5015502,1.5272429,1.1524615,1.5514506,1.1745161,1.4731104,1.4802194,1.5519768
CDIP1,1.423486,1.1887543,1.3112733,1.5972395,1.7969315,1.4830449,1.6159803,1.5312717
RP11-420N3.3,2.17197,1.565506,1.6213353,1.998134,2.1503067,1.433199,1.5115107,1.1697679
SHISA9,1.6677877,1.7194095,1.5383862,1.5923043,2.0029273,1.818657,1.5720762,1.593792
CTA-276F8.2,1.478802,1.6627688,1.4726458,1.5886111,1.4981016,1.4922534,1.2645857,1.4895
PDXDC1,1.2472945,2.096523,1.3551193,1.5257494,1.7056926,1.8431467,2.2253203,1.4874142
XYLT1,1.4747155,1.9574295,1.8145828,1.4560822,1.7748636,1.6139344,1.3606452,2.1243613
HS3ST4,1.5064191,1.5238364,1.1623247,1.4450921,2.0817788,1.6532227,1.5014446,1.5188955
SEZ6L2,1.4541419,1.320504,1.7038532,1.303544,1.4630338,1.5748231,1.3388307,1.5798337
DOC2A,1.7562693,1.1957765,1.5906032,1.4133394,1.5091068,1.4798676,1.3068088,1.0896316
ALDOA,1.7433891,1.4585387,1.4497057,1.5917871,1.3970437,1.3850669,1.6043295,1.8319628
YPEL3,1.3698368,1.4064939,1.6191686,1.3168428,2.3159266,1.6608713,1.6024327,1.6299659
MT3,1.243972,1.7998955,1.5808007,1.5642457,1.638479,1.0975996,1.2973918,1.9459696
CX3CL1,2.653464,1.327651,1.6766301,1.5579882,1.3080778,1.9089562,2.0514467,1.2908512
NDRG4,1.485154,1.3460331,1.6054946,1.7738364,1.7694403,1.614502,1.7083564,1.3824552
RP11-51O6.1,1.6371572,1.4453284,1.7180172,1.8406247,1.328358,1.2307063,1.703821,1.8367702
RP11-368L12.1,1.3959057,1.7282442,1.4908214,1.4580042,1.7116538,1.8017267,0.99625725,1.9452057
CDH11,1.3737915,1.660255,1.3804936,1.8064615,1.9754988,1.3500376,1.3986621,1.2976267
CMTM4,1.9446903,1.5851084,1.7909235,1.4278697,1.1853254,1.76418,1.4561126,1.303193
CES4A,1.6025541,1.6117661,1.4092699,1.303728,1.6115807,2.0440025,1.411204,1.4411842
GABARAPL2,1.4523282,2.020782,1.4161338,1.3773801,1.6110433,1.3898125,1.6297027,1.4196463
TERF2IP,1.7757633,1.5646348,1.6804583,1.6753768,1.6389393,1.7242551,1.7335036,1.4596153
CDH13,1.7597888,2.34458,1.5183916,1.751689,1.8056796,1.7853724,1.3040198,1.9567082
COX4I1,2.2394278,1.2865853,1.3778896,1.5344976,1.4263059,1.5174897,1.9161065,1.3512483
MVD,1.5869284,1.4818405,1.43246,1.4157392,1.1290193,1.6037694,1.1324916,1.3238755
TCF25,1.5450796,1.4174345,1.2964026,1.320135,1.3216484,1.3316443,1.2598825,1.4502014
YWHAE,1.5655749,1.6817167,1.4201367,1.5633907,0.9977359,1.4796733,1.5182804,1.6848962
RAP1GAP2,2.392782,1.5730065,1.5115021,1.5813397,1.5028967,1.7029235,1.5612481,1.6477858
DLG4,1.511469,1.3407737,1.5793835,1.7334745,1.5149387,1.4898198,1.4601609,1.0363631
ACADVL,1.3823044,1.2056054,1.733222,1.21505,1.850975,1.1815817,1.9879171,1.2095834
EIF5A,1.2249212,1.2062479,1.370135,1.3810749,1.4936155,1.935716,2.0146725,1.4336865
SAT2,1.1037805,1.0870333,2.2499037,1.2700121,1.8172082,1.57447,1.6027315,1.3645883
UBB,1.4600569,1.560273,1.1854192,1.6229554,1.0012115,1.7326585,1.3261362,1.6393137
RP11-219A15.1,1.4613341,1.6492373,1.537226,1.6235026,1.7182912,1.3978248,1.3031875,1.1095829
USP22,1.6971605,1.8161646,1.7492131,2.2087805,1.5549465,1.6830978,1.4602594,1.5141953
RP11-321A17.3,1.3333774,1.7427796,1.8606563,1.4888616,1.3624902,1.4355521,1.7395246,1.2163723
CORO6,1.5996926,1.4988555,1.1797899,1.5218798,1.3122354,1.6288387,1.520849,1.0379069
CRLF3,1.980472,1.4882137,1.6453117,1.3011948,1.2983664,1.8004,1.6611658,1.685915
COPRS,1.5310031,1.3732412,1.5001822,1.5824611,1.7250228,1.2921709,1.4869772,1.4396577
CDK5R1,1.7014697,1.761286,1.3901395,1.8385408,1.4537631,1.6932209,1.3137827,1.5024503
ASIC2,2.2498863,1.6435248,1.365083,1.8878342,2.1711483,2.0998025,2.003289,1.7041261
EIF1,1.944776,1.4458033,1.5957131,2.311173,1.9279602,1.6403633,1.5086176,1.3094599
RUNDC3A,1.551642,1.4310988,1.1087419,1.7786084,1.5466423,1.4913996,1.5689868,1.8648537
MAPT,1.9620134,1.6154474,1.6085176,1.6045246,1.5917044,1.6305641,1.517849,1.1561519
KANSL1,1.6409415,1.20112,1.4217675,1.4527706,1.9554347,1.887489,1.5804594,1.3613727
ARL17B,2.0244436,1.5713949,1.501251,1.645114,1.736515,1.3352417,1.7177992,1.385382
NSF,1.2460376,1.4885428,1.8141428,1.496013,1.5944964,1.3445077,1.6417451,1.7313595
LUC7L3,1.5792354,1.489889,1.2946899,1.6113093,1.4291875,1.5995077,1.8973624,1.279531
CA10,1.8948766,2.2551548,1.8836789,1.8466275,1.4086964,1.4374578,1.4439636,1.6473297
RP11-750B16.1,1.3208921,1.4228714,1.4372215,1.4939642,1.5581428,1.937867,1.680603,1.6647327
TOM1L1,1.665597,1.4786891,1.3883163,1.5120378,1.5937952,1.8930117,1.4408109,1.3685641
MMD,2.276167,1.2621974,1.8524147,1.4004998,1.819017,1.0852542,1.5259383,1.5140408
DYNLL2,1.6042296,1.8662195,1.1814704,1.8257737,1.4892218,1.5323576,1.3618103,1.4849211
CLTC,1.9745382,1.3107535,1.2725536,1.3543026,1.1831903,1.5409797,1.3400857,1.599323
AC037445.1,1.7884662,1.6046714,1.1681592,1.1348236,1.4436469,1.9023322,1.6761632,1.3556397
LRRC37A3,1.4861931,1.4697361,1.2985679,1.3611224,1.8425467,1.165642,1.4177288,1.1769209
RP11-583F2.1,1.6589146,1.4208369,1.2670739,1.5944074,1.4916853,1.7113951,1.5537758,1.5266805
PRKAR1A,1.3979613,1.4456979,1.5090187,1.6827992,1.5704939,1.5672708,1.7624174,1.6971521
SLC39A11,1.5701891,1.5258527,1.3955375,2.1055195,1.8679506,1.6135844,1.5917252,1.565282
RBFOX3,1.3897172,1.3976521,1.1697403,1.5469562,1.4892302,1.6425631,1.4825668,1.717273
BAIAP2,1.500456,1.4560002,1.7498837,1.2934711,1.8404746,1.3130524,1.1993423,1.3276682
ACTG1,1.5378447,1.7432475,1.7733734,1.6198703,1.6398405,1.5402051,1.6700507,1.434931
FAM195B,1.5804743,1.3524746,1.9053177,1.2327179,1.539632,1.5794286,1.3452519,1.0999165
ARHGDIA,1.3286563,1.4495071,1.2706252,1.2778441,1.2717173,1.2492508,1.2293484,1.5521221
DLGAP1-AS4,1.6199603,1.914925,1.5236142,1.2937241,1.6985283,1.3080591,1.0719633,1.5928046
GNAL,1.4123183,1.6057634,1.7949255,1.6390443,1.5714653,1.8497529,1.1492314,1.4885092
RP11-1157N2--B.2,1.7035704,1.401374,1.7681271,1.6135639,1.3506155,1.702153,1.2412978,1.5015146
MIB1,1.6963694,1.6049263,1.2623367,1.560119,1.3247682,1.2818058,1.4033229,1.4299238
RP11-449D8.5,1.2937393,1.5424888,1.5328269,1.2231082,1.3814574,1.2855157,1.4551657,1.8179765
AQP4-AS1,1.847617,1.1128235,1.8099802,1.3910742,1.7377629,1.3017459,1.789675,1.8017614
CDH2,1.7374765,1.5274656,1.6958789,1.1774373,1.198215,1.7723404,1.5550481,1.7400739
NOL4,1.5629064,1.5172246,1.8518313,1.3018465,1.4188035,1.4790767,1.7245504,1.2627009
MAPRE2,1.4434745,1.5337299,1.6151818,1.5301384,1.8026955,1.8386497,1.7317075,1.3498644
CELF4,1.7105691,1.7892565,1.7791879,1.3778791,1.4197493,1.2973728,1.7478068,1.9595348
RIT2,1.6763445,1.88302,1.3249683,1.7023256,1.4575819,2.2350898,1.6072224,1.5178065
SYT4,1.9674867,1.0895603,1.4709096,1.4777359,1.4211988,1.9925278,1.1284416,1.5008991
ST8SIA5,1.4962895,1.6351477,1.495375,1.4414787,2.0994947,1.6502998,1.6652409,1.5587623
MAPK4,1.6676874,2.0793006,1.5879513,1.9908627,2.161389,1.4179742,1.7010025,1.4095126
DCC,1.7466751,2.011681,1.8621838,1.6428328,2.2223563,2.2752485,1.6377257,1.2755679
TCF4,1.895371,1.6186808,1.6514428,1.4125174,1.7453228,1.7096648,1.4826114,1.6991922
CCBE1,1.6189063,1.3956261,1.8607032,1.2544221,1.319874,1.4683018,1.3899802,1.3424101
DOK6,1.6797585,1.3869318,1.8633071,1.1919825,1.5399387,1.2362528,1.7934327,1.8387705
CBLN2,1.7235339,1.6950706,1.8751149,1.7974728,1.7289522,2.4752617,1.558272,1.7062011
FAUP1,1.4422013,1.5994473,1.3795409,1.4115657,1.1702193,1.8680933,1.5049567,1.3994391
SIRPA,1.5502274,1.7250254,1.6770072,1.6357777,1.6943377,1.5915614,1.6939001,1.3474433
DDRGK1,1.9123772,1.4459125,1.4794825,1.0995313,1.4915377,1.3973873,1.2140129,1.2370859
PRNP,1.7137684,1.8672018,1.5073409,1.5987434,1.5586668,1.7091663,1.7636062,1.8048439
CHGB,1.453657,1.7958349,1.4500557,1.3404981,1.6170264,1.3173816,1.6971948,1.5857319
TMX4,1.8375432,1.5272387,2.0142543,1.6180601,1.7924138,2.0176587,1.8279713,1.4199402
SNAP25-AS1,1.3222464,2.3227136,1.6206778,1.5910351,1.6338785,1.7243991,1.3845652,1.6207247
SNAP25,1.7554556,1.8505322,2.0493197,1.6832317,1.5935696,1.8828251,2.1163373,1.6471347
DSTN,1.83052,1.4803206,1.3347188,1.5503808,1.3379607,1.3028808,1.3885571,1.4288903
NAPB,1.4259342,1.925996,1.6524837,1.4555469,1.5635663,1.4889938,1.7660254,1.4061519
DYNLRB1,1.3030864,1.6603787,1.484953,2.0549748,1.9955294,1.3214658,1.1852474,1.5040743
MAP1LC3A,1.4987172,1.5105262,1.4741074,1.1510084,1.1579762,1.224776,1.2154382,1.6743217
LINC00657,1.7355775,1.5260274,1.481722,1.9028357,1.9889599,1.9663292,1.5156976,1.2826258
VSTM2L,1.408029,1.5906907,1.5182301,1.3135549,1.7554674,1.8078474,1.3090432,1.142678
TOP1,1.3165373,1.6462526,1.6416706,1.0803992,1.5815971,1.397699,1.320237,1.2852325
PTPRT,1.231773,1.8447903,1.6239722,1.3311695,1.3810664,1.6982952,1.4415832,1.5916867
SERINC3,1.6805528,1.6261138,1.557569,1.4034877,1.2320797,1.3535501,1.8831825,1.910126
YWHAB,1.4599448,1.1709682,1.6057289,1.2994207,1.2614628,1.6260575,1.5159255,1.8539
SLC12A5,1.7794404,1.4494237,1.4107642,1.8035738,1.4312912,1.5055283,1.8736743,1.594943
ZMYND8,1.1587594,1.3714988,1.7756014,1.7907425,1.5962329,1.391862,1.687497,1.6777513
TSHZ2,1.6199962,1.5653867,1.5509855,1.5709782,1.4573164,1.4759357,1.7295468,1.3101444
GNAS,1.3418646,1.5547931,1.7303535,1.5973088,1.9078509,1.6618987,1.6177828,1.576161
ATP5E,1.9256915,1.38058,1.4150147,1.5618925,1.9530389,1.6323054,1.4402899,1.125217
KCNQ2,1.8243454,1.7082258,1.6675196,1.606686,2.2803237,1.4177825,1.7037116,1.7338579
EEF1A2,1.4446021,1.280394,1.2795095,1.4955637,1.5281253,1.1403114,1.3675652,1.0875747
PPDPF,1.5817255,1.6273178,1.6832931,1.0734392,1.2983972,1.6426141,0.85054773,1.4244289
STMN3,1.4605173,1.5428767,1.2484705,1.5180072,1.813935,1.885806,1.7268276,1.9054854
BSG,1.3824359,2.0969715,1.8307455,1.7624122,1.439063,1.4691557,1.7464659,1.570378
GPX4,1.6922925,1.3491129,1.3706592,1.4928014,1.6083035,1.7775813,1.5477535,1.7356424
C19orf26,1.3624966,1.2259063,1.7479441,1.872365,1.3845998,1.5025309,1.1848214,1.1939616
ATP5D,1.6958266,1.3789628,1.7138689,1.4398962,1.0095394,1.5963517,1.4121158,1.1985295
CIRBP,1.5415567,1.5502316,1.595014,1.7962015,1.3418632,1.4289675,1.507227,1.4445475
DIRAS1,1.385635,1.365727,1.2422302,1.4749097,1.2294531,1.4843149,1.704693,2.1689813
AES,1.3804532,1.22218,1.3945373,1.4651873,1.7173139,1.3435489,1.57868,1.5618403
EEF2,2.1445127,1.7462898,1.4518819,1.407198,1.1341772,2.0868418,1.4479457,1.04166
TUBB4A,1.596924,1.6705246,1.5364265,1.3815827,1.4958853,1.7541478,1.1520643,1.4712174
TGFBR3L,1.1805888,1.3353655,1.6350436,1.5716559,1.5597366,2.039766,1.4102674,0.98222715
CTXN1,1.5280503,1.3854475,1.3606566,1.0646396,1.1985447,1.9017313,1.8007951,1.469222
RAB11B,1.2590697,1.575567,1.2407929,1.3263818,1.633048,1.9373553,1.4828603,1.6944907
UBL5,1.3422638,1.2500163,1.2368921,1.6537148,1.4889987,1.693135,1.6271374,1.7283659
PIN1,1.6186053,1.8514156,1.6959547,1.2578441,1.6908541,1.3080403,1.190129,1.4167784
OLFM2,1.8434734,2.0625815,1.5404932,1.5466954,1.6430845,1.6907035,1.0918819,1.3055949
CDKN2D,1.0895927,1.7560502,1.139874,1.4325651,1.5371456,1.4123418,1.6038741,1.9234282
CTD-2192J16.15,1.5979111,1.6331241,1.2022915,1.1665251,1.3021321,1.5937817,1.6953589,1.3832642
JUNB,1.3376639,0.86922055,1.295348,1.2538755,1.32537,1.4269642,1.5695312,1.5154024
GADD45GIP1,1.4200873,1.7492902,1.4923493,1.6828048,1.252416,1.4136851,1.8912249,1.4716634
CACNA1A,1.3459005,2.0078847,1.4644636,1.463489,1.7433858,1.674785,1.1855856,1.657909
NDUFB7,1.8070036,1.682481,1.6249422,1.6033154,1.4995122,1.8138717,1.5624135,1.5419397
MAST3,1.6408006,1.6310215,1.2962247,1.5637605,1.7385963,1.5511614,1.6260883,2.1293561
RAB3A,1.4942427,1.587581,1.5682405,1.2501589,1.407011,1.3248802,1.4890255,1.4179401
JUND,1.6083037,1.5646111,1.4946225,1.267497,1.7029886,1.3172531,1.5386889,1.2541944
SSBP4,1.6684484,1.2493217,1.3326737,1.4015721,1.4475356,1.6338879,1.6614436,1.3733594
FKBP8,1.658171,1.295418,1.2483997,1.2480013,1.2717674,1.3977526,1.2651848,1.5602841
UBA52,2.0721807,1.5226156,1.5046003,1.1011791,1.3783685,1.3978915,1.8191065,1.3876305
C19orf60,1.4309117,1.4370488,1.3833754,1.3369676,1.3426499,1.6327249,1.5625845,1.3310871
TMEM59L,2.0561242,1.3169,1.679397,1.6755439,1.927489,1.453809,1.2669064,1.538159
NCAN,1.3705376,1.3433551,1.4568478,1.6365061,1.2741123,1.4676713,1.7408539,1.7405033
YJEFN3,1.1293368,1.3565907,1.619979,1.3841869,1.267799,1.5864108,1.8211521,1.4687154
FXYD7,1.4025033,1.4197633,1.5687938,1.4586604,1.405276,1.4384664,1.3977203,1.4850377
COX6B1,1.6727662,1.5908545,1.3948237,1.7431368,1.5514098,1.130236,1.8799416,1.5962242
APLP1,1.296994,1.5086048,1.8581583,1.2514217,1.5261812,1.7056961,1.6593311,1.4857305
CLIP3,1.1855298,1.3784202,1.3959274,1.5687754,1.4219395,1.366455,1.6298615,1.4032205
TBCB,1.5036504,1.4335334,1.9874817,1.2094843,1.7298185,1.8663877,1.2245985,1.6963918
CAPNS1,1.8952017,1.134555,1.5889407,1.3686594,1.4443929,1.6016225,1.3540866,1.848654
ZNF565,1.1853681,1.9549106,1.1963568,1.2922107,1.6566557,1.371656,1.5681726,1.5183408
TTC9B,1.2706082,1.5504409,1.2882359,1.2358159,1.3543588,1.9058437,1.5348619,1.4440944
PLD3,1.8255978,1.5716952,1.4323004,1.8852437,1.8318462,1.5146531,1.292781,1.5934137
RABAC1,1.7017207,1.5376512,1.3298262,1.3101312,1.8531598,1.8908722,1.2169231,1.0345806
ATP1A3,1.2320446,1.2959728,1.2525839,2.17247,1.4138279,1.8052096,1.5275067,1.8550699
ZNF428,1.3852451,1.3822534,1.7531828,1.4071188,1.4812459,1.8937967,1.7311425,1.7731199
CEACAM22P,1.5227807,1.2448461,1.1005087,1.2119863,1.7494019,1.5989903,1.523641,1.6221112
CALM3,1.5496798,1.4200183,1.9666067,1.7726983,1.8364171,1.5478199,1.5601741,1.8740253
AP2S1,1.6766986,1.4449123,1.7326385,1.6327589,2.3388524,1.2181871,1.4275324,1.4114136
TMEM160,1.3751281,1.7429401,1.1904553,1.8000896,1.2553796,1.8050569,1.5842842,1.6824371
SLC8A2,1.7238718,1.491345,1.2611132,1.1668001,1.439682,1.7936624,1.1001444,0.9904038
SEPW1,1.3720008,1.2307893,1.657725,1.5504956,1.2639558,1.4882113,1.6843779,1.533718
CA11,1.7954329,1.801404,1.3696824,1.5670578,1.4828904,1.5366143,1.3848181,1.4854052
FTL,1.2868366,1.3867831,1.5126454,1.3989481,1.4570595,1.2919506,1.7736756,1.5262535
SNRNP70,1.2785211,1.5587382,1.4025245,1.5741341,1.3888654,1.6468595,1.5438362,1.6320182
PPFIA3,1.7581493,1.5835581,1.3782663,1.4734545,1.5125601,1.5275127,1.4972675,1.3703606
SLC17A7,1.7563713,1.8479184,2.1979322,1.8127291,1.5681541,1.2448425,1.466325,1.2691227
SYT3,1.842348,1.8818963,1.4995389,1.5293,1.280946,1.5622464,1.7345588,1.6696715
PPP2R1A,1.4245836,1.5007426,1.5315728,1.4561634,1.4414635,1.443288,1.8090631,1.2515024
ZNF331,1.5642335,1.4211704,1.3683988,1.8023534,1.6455836,1.5609455,1.4848492,1.246569
NDUFA3,1.6976252,1.9307952,1.2889175,1.6069741,1.5782692,1.3114581,1.1518393,1.5820023
LENG8,1.2093997,1.2268327,1.2730995,1.3128412,1.2050143,1.5534079,1.3137664,1.6431687
SYT5,1.2903177,1.6652201,1.1974609,1.7084042,1.5674772,1.3729218,1.0022604,1.4412861
NAT14,1.3954766,1.8579025,1.2480906,1.4797943,1.4716731,1.2641176,1.5728139,1.4399186
PCDH11Y,1.6050594,1.6165817,1.0271871,1.472474,1.4692775,1.2704076,1.5168697,1.3122294
GYG2P1,1.186868,1.1507224,1.4387493,1.4265326,1.3808619,1.1007503,1.4529573,1.0397505
USP9Y,1.4148121,1.5061117,1.4164139,1.4693848,1.0759785,1.9549758,1.8599064,1.4852935
UTY,1.6898807,1.9982585,1.3344946,1.7766527,1.1789911,1.2453238,1.0325973,1.2965364
NLGN4Y,1.8828319,1.692532,1.6718024,1.3796692,1.3566669,1.8912642,1.495251,1.395146
TTTY14,1.329481,1.5416495,1.5544406,1.3340262,1.9326754,1.5157285,1.3761693,1.3629522
MICAL3,1.5180898,1.4524217,1.2156667,1.6859348,1.9294821,1.8576678,1.122237,1.4704853
DGCR5,1.740742,1.3132986,1.4689546,1.550374,1.928825,1.78611,1.6552863,1.476672
MAPK1,1.8462954,1.8152411,1.6768854,1.7482457,1.468854,1.7328738,1.5617962,1.8888202
LL22NC03-2H8.5,1.3284642,1.5563875,2.1457546,1.3825525,1.4464185,1.5090616,2.0563302,1.6973697
CHCHD10,1.4772743,1.41501,1.2543756,1.6170594,1.283418,1.4140066,1.2682221,1.22938
MIAT,1.386218,1.6480939,1.7449572,2.1352208,1.3898238,1.8177594,1.5426396,1.6164689
UQCR10,1.4659276,1.4489961,1.4878169,1.0832471,1.3395152,1.8370172,1.1561227,1.3403338
YWHAH,2.0601246,1.5430019,1.739952,1.8094668,1.6183021,1.4878443,1.4116784,1.8119717
SC22CB-1E7.1,1.7116553,1.3867906,1.4768617,1.2246219,1.426902,1.4541383,1.3038759,1.3607756
SYN3,1.8060008,2.2871933,1.8397633,1.7025223,1.6053667,1.5190835,1.45876,1.4384066
TIMP3,1.4376068,1.7627563,1.3467666,1.3672624,1.8717872,1.8046722,1.4204571,1.3043493
LARGE,1.3393487,1.1411823,1.7648213,1.362106,1.519275,1.7539458,1.6590607,1.5626925
LGALS1,1.5105846,1.6418374,1.4736784,1.5373397,1.7057639,1.6229948,1.4305809,1.6483369
BAIAP2L2,1.6664691,1.8263648,1.7035114,1.6461788,1.6938573,1.4209399,1.2946926,1.9307355
KCNJ4,1.4428643,1.2743305,1.548269,1.1941677,1.5139253,1.5527683,1.3910917,1.6236289
DDX17,2.0554767,1.5299225,1.491014,1.368009,1.6173642,1.7552234,1.4107485,1.6564035
NPTXR,1.3543583,1.7436918,1.3206967,1.7178619,1.3354038,1.3061646,1.8112006,1.6909552
CBX6,1.3031327,1.4133412,1.5880654,1.5632132,1.4892321,1.5381074,1.1439191,1.421932
SYNGR1,1.1942524,1.385636,1.8613728,1.4270742,1.7581923,1.3587217,1.2394694,1.4010825
MPPED1,1.0104733,1.4784014,1.6892,1.6103438,1.4888147,1.9258814,1.6241437,1.3120384
SULT4A1,1.904918,1.8123013,1.7231439,1.2380674,1.5399069,2.1016548,1.0579327,1.5233139
RP11-191L9.4,2.015113,1.5000056,1.7234641,1.6630437,1.501958,1.5996131,1.4451364,2.0991974
MAPK8IP2,1.4576203,1.3722463,1.7069327,1.3867722,1.4253697,1.5279865,1.4087383,1.4344093
TEKT4P2,1.7731693,1.3987703,1.3137264,1.391605,1.2440441,1.3482225,1.6125054,1.4130313
bP-21201H5.1,1.3764864,1.8324032,1.4438537,1.5410057,1.589391,1.4212487,1.726559,1.224245
ANKRD20A11P,1.5561837,1.6880331,1.6780511,1.586069,1.3695174,1.4180158,2.1579716,1.3595896
MIR99AHG,1.8001354,1.794755,2.042696,1.6512047,1.7745203,1.5394362,1.3796239,1.3563746
ATP5J,1.6202081,1.7003206,1.7065365,1.2604061,1.115504,1.6840842,1.3698132,1.550548
APP,1.5859315,1.7159498,2.1572218,1.790505,1.917259,1.2178304,1.7046481,1.5138295
SOD1,1.5566642,1.3505551,1.1988949,1.4677646,1.3321279,1.2317802,1.6367677,1.2914579
PCP4,1.9327629,1.4145328,1.3474534,1.2159747,1.3273594,1.5248302,1.6116996,1.8650707
SUMO3,1.4023976,1.6357135,1.2061913,1.4348772,1.0915797,1.4921438,2.0985873,1.2893293
