"Dim2","gene","rank"
1.58084678649902,"MALAT1",1
1.0077930688858,"RASGEF1B",2
0.927018523216248,"LINC00486",3
0.819619119167328,"CADM2",4
0.815198838710785,"PCDH9",5
0.792402029037476,"PTPRD",6
0.766826808452606,"MEG3",7
0.729957580566406,"SYT1",8
0.657868206501007,"NRXN3",9
0.635046303272247,"RALYL",10
0.633974134922028,"SNAP25",11
0.618900954723358,"LINGO1",12
0.59415078163147,"ROBO2",13
0.550078749656677,"HS6ST3",14
0.53993433713913,"CNTNAP2",15
0.529365301132202,"ACTB",16
0.525312304496765,"LPHN3",17
0.51093852519989,"NEGR1",18
0.506757736206055,"OPCML",19
0.506568610668182,"CALM1",20
0.502156853675842,"CELF2",21
0.49660450220108,"AC011288.2",22
0.491990327835083,"NKAIN2",23
0.489253968000412,"TMSB10",24
0.488914579153061,"BCYRN1",25
0.485396236181259,"PPFIA2",26
0.477043002843857,"GPM6A",27
0.469418734312057,"CHN1",28
0.461156219244003,"KHDRBS2",29
0.459997177124023,"CKB",30
0.457820415496826,"MEF2C",31
0.455605357885361,"DAB1",32
0.449489563703537,"PHACTR1",33
0.44469752907753,"LRP1B",34
0.443511068820953,"LSAMP",35
0.44003227353096,"CDH9",36
0.4375901222229,"CDH18",37
0.434783399105072,"ENC1",38
0.431918799877167,"PPP3CA",39
0.430555254220963,"ATP2B1",40
0.428729772567749,"EPHA6",41
0.426200866699219,"CCK",42
0.424405306577682,"GALNTL6",43
0.416491836309433,"NLGN1",44
0.407745122909546,"VSNL1",45
0.402094155550003,"PCDH7",46
0.385472536087036,"ARPP19",47
0.381098747253418,"INO80D",48
0.379334300756454,"TMSB4X",49
0.377545207738876,"SLC26A3",50
0.372402846813202,"CBLN2",51
0.370737761259079,"CSMD3",52
0.361373513936996,"LINGO2",53
0.351774513721466,"RFX3",54
0.351195126771927,"KCND2",55
0.35022646188736,"ATP1B1",56
0.346644014120102,"ARL17B",57
0.346332609653473,"RTN4",58
0.345431208610535,"CLU",59
0.342230051755905,"LRRC7",60
0.342091053724289,"YWHAH",61
0.34142792224884,"CAMK2N1",62
0.341139435768127,"ALDOA",63
0.340674996376038,"APP",64
0.336282938718796,"CALM3",65
0.334327638149261,"GRID2",66
0.332507014274597,"PEX5L",67
0.329471439123154,"RTN3",68
0.328138202428818,"BASP1",69
0.322891026735306,"RTN1",70
0.321858137845993,"FBXW7",71
0.316333502531052,"ARPP21",72
0.309956252574921,"FAM19A1",73
0.30703741312027,"CTNNA2",74
0.306388199329376,"KCNH7",75
0.303102374076843,"NRGN",76
0.299148440361023,"PDZD2",77
0.297024786472321,"GAPDH",78
0.292474269866943,"THY1",79
0.291798084974289,"PTPRK",80
0.289114385843277,"SPARCL1",81
0.283023297786713,"TCF4",82
0.282627820968628,"GRIK2",83
0.280456930398941,"CACNB2",84
0.278487920761108,"APLP1",85
0.270986288785934,"RP11-112J1.1",86
0.269449830055237,"KANSL1",87
0.268916636705399,"KHDRBS3",88
0.268504410982132,"PRKACB",89
0.26785010099411,"NTRK2",90
0.266498893499374,"SERPINI1",91
0.263748854398727,"ROBO1",92
0.263277977705002,"CNTN1",93
0.26119539141655,"UCHL1",94
0.260016798973083,"PBX1",95
0.25756624341011,"UQCRB",96
0.25715434551239,"NTM",97
0.256752133369446,"PIK3R1",98
0.254697173833847,"HSP90AA1",99
0.251593679189682,"CHL1",100
0.250516355037689,"STMN1",101
0.247366428375244,"NGFRAP1",102
0.246390789747238,"MGAT4C",103
0.246219456195831,"PDE4B",104
0.245909094810486,"RGS4",105
0.245734363794327,"SNTG1",106
0.242687851190567,"ANKRD30BL",107
0.241275906562805,"DOK6",108
0.240277364850044,"TBC1D19",109
0.239710316061974,"ASIC2",110
0.238507390022278,"LRRC4C",111
0.236032381653786,"BRINP3",112
0.236019253730774,"DNM1",113
0.235068261623383,"FTH1",114
0.234874859452248,"GNAS",115
0.233715906739235,"OLFM1",116
0.232887610793114,"OLFM3",117
0.231556609272957,"MIR99AHG",118
0.231311827898026,"MAN1A1",119
0.230946987867355,"AUTS2",120
0.230196475982666,"RP13-258O15.1",121
0.229551672935486,"PKM",122
0.229274764657021,"CLSTN1",123
0.228125408291817,"CNKSR2",124
0.226211175322533,"TMEM59L",125
0.225527718663216,"LRRTM3",126
0.225357607007027,"TSC22D1",127
0.225161045789719,"PEBP1",128
0.223657965660095,"GABRB2",129
0.222280070185661,"CNTNAP5",130
0.221312537789345,"MAP1B",131
0.220882415771484,"PSAP",132
0.220513433218002,"TTTY14",133
0.219766691327095,"RAPGEF2",134
0.219487085938454,"HDAC9",135
0.218947127461433,"NUTM2A-AS1",136
0.21874888241291,"EPHA5",137
0.217875495553017,"EIF4A2",138
0.217334151268005,"PHYHIP",139
0.217003181576729,"CDH13",140
0.215645313262939,"ENO2",141
0.215554773807526,"SHISA9",142
0.215360164642334,"GABRG2",143
0.214670360088348,"FAIM2",144
0.213237717747688,"CPE",145
0.213160678744316,"IDS",146
0.211533963680267,"GRM1",147
0.211192682385445,"CA10",148
0.21008788049221,"HOMER1",149
0.209573283791542,"GRIA1",150
0.20812238752842,"RP3-417G15.1",151
0.207975521683693,"TUBA1A",152
0.207547605037689,"COX7C",153
0.207544907927513,"GRIN2B",154
0.206405162811279,"CDH10",155
0.205114901065826,"TUBA1B",156
0.204432368278503,"UBC",157
0.200937986373901,"ATP1A1",158
0.200367242097855,"FUT9",159
0.199091538786888,"YWHAZ",160
0.198956593871117,"RASGRF2",161
0.198355123400688,"TSPAN7",162
0.198286533355713,"CTD-2537O9.1",163
0.197360008955002,"COX4I1",164
0.194600328803062,"ATP5E",165
0.193599849939346,"NPAS4",166
0.193381458520889,"NECAB1",167
0.193039283156395,"RP11-384F7.2",168
0.192730769515038,"AC016739.2",169
0.191841632127762,"SNCA",170
0.191644310951233,"PVRL3",171
0.191626638174057,"SNAP25-AS1",172
0.190208807587624,"LINC00657",173
0.190068826079369,"SRSF5",174
0.18845984339714,"SORBS1",175
0.188203349709511,"PLEKHA7",176
0.1874108761549,"NLGN4Y",177
0.186843812465668,"SYP",178
0.186611413955688,"STXBP1",179
0.186214327812195,"CPEB4",180
0.185258954763412,"GALNT13",181
0.184285223484039,"P2RY14",182
0.183495298027992,"HSP90AB1",183
0.181165605783463,"LINC01378",184
0.181129962205887,"HNRNPDL",185
0.180961057543755,"ATP5I",186
0.179288417100906,"DYNLL1",187
0.178898140788078,"RP11-51O6.1",188
0.178619369864464,"ANKRD36",189
0.178478181362152,"LMO4",190
0.178273260593414,"PREPL",191
0.177905589342117,"PRNP",192
0.177674755454063,"RIMS1",193
0.17710468173027,"LINC-PINT",194
0.176666289567947,"SARAF",195
0.176567226648331,"PCDH11Y",196
0.175852075219154,"ZFPM2",197
0.17485012114048,"TUBB2A",198
0.174388453364372,"GDI1",199
0.173193156719208,"RBFOX3",200
0.172954648733139,"AGBL4",201
0.171341270208359,"NDUFS5",202
0.171081840991974,"MARCH1",203
0.170855715870857,"MAPRE2",204
0.170233890414238,"KSR2",205
0.170197635889053,"RAPH1",206
0.170099422335625,"KLC1",207
0.169422522187233,"RP11-367G18.2",208
0.168568596243858,"TPT1",209
0.168532326817513,"MBNL1",210
0.168329432606697,"RP11-34P1.2",211
0.167791038751602,"LMO3",212
0.167478814721107,"CLTC",213
0.166999608278275,"SERPINE2",214
0.166821509599686,"RP11-864N7.2",215
0.165857419371605,"MEF2A",216
0.165796726942062,"MEIS2",217
0.164590433239937,"SYN2",218
0.163970217108727,"SDK1",219
0.163521006703377,"SSBP2",220
0.162862673401833,"TUBB4A",221
0.161795765161514,"FRAS1",222
0.161421805620193,"KIAA1217",223
0.160736188292503,"GLS",224
0.160595238208771,"YWHAE",225
0.160407185554504,"PFDN5",226
0.160107493400574,"PPIA",227
0.159842446446419,"AC004453.8",228
0.158309727907181,"AHI1",229
0.157615154981613,"MAP7",230
0.157574459910393,"SLIT2",231
0.157026141881943,"SERINC1",232
0.156421259045601,"TSPYL1",233
0.156005784869194,"CADM1",234
0.155827805399895,"ATP1A3",235
0.155370712280273,"DPYSL2",236
0.155230358242989,"EEF1A1",237
0.155000105500221,"TOMM7",238
0.154117435216904,"GUCY1A2",239
0.152724370360374,"YWHAB",240
0.152331978082657,"GAP43",241
0.151765391230583,"PJA2",242
0.15137305855751,"WASF1",243
0.150937035679817,"KCNJ3",244
0.150760814547539,"NCDN",245
0.150618523359299,"TESPA1",246
0.150196090340614,"CELF4",247
0.150093525648117,"KIRREL3",248
0.149744987487793,"NDRG4",249
0.14939059317112,"C14orf2",250
0.149359628558159,"C9orf16",251
0.149027928709984,"MIR137HG",252
0.148882433772087,"SOX5",253
0.148671686649323,"CACNA1A",254
0.148667082190514,"PRKG1",255
0.147780746221542,"SLC39A10",256
0.147466838359833,"RP11-314P15.2",257
0.147219344973564,"N4BP2L2",258
0.146736055612564,"FAM153B",259
0.146728038787842,"SEPW1",260
0.146402791142464,"SCN3B",261
0.146357759833336,"DGCR5",262
0.146292209625244,"NDFIP1",263
0.146087527275085,"TMA7",264
0.146053373813629,"CAMK1D",265
0.145749434828758,"RP11-154D17.1",266
0.14510814845562,"EPHA3",267
0.144187241792679,"YWHAG",268
0.14223338663578,"ATP5EP2",269
0.142110988497734,"ATP2B2",270
0.141535550355911,"CFL1",271
0.141434907913208,"GNAL",272
0.14030684530735,"NPTXR",273
0.140060767531395,"PCSK1N",274
0.139293313026428,"SYN3",275
0.138978496193886,"ATL1",276
0.138395845890045,"SCAI",277
0.138264864683151,"PPFIBP1",278
0.137830823659897,"ACTG1",279
0.137805610895157,"ITM2B",280
0.137580171227455,"TMEM232",281
0.137214869260788,"CAMKV",282
0.13697774708271,"RP11-796G6.1",283
0.136918172240257,"RP11-289H16.1",284
0.136460959911346,"KCNMB2-AS1",285
0.13643890619278,"PLD3",286
0.136380225419998,"TPI1",287
0.136309757828712,"COX7CP1",288
0.13613860309124,"SLC22A17",289
0.134813293814659,"BEX1",290
0.134643748402596,"PNISR",291
0.133581131696701,"KCNC2",292
0.133433684706688,"MT3",293
0.132918208837509,"TMEFF2",294
0.132828637957573,"RP11-92K2.2",295
0.132784023880959,"MAPT",296
0.132537469267845,"ARGLU1",297
0.132391288876534,"NDUFA3",298
0.132269576191902,"BMPER",299
0.132200509309769,"PHYHIPL",300
0.131486192345619,"ATP5D",301
0.131272315979004,"RSRP1",302
0.131173595786095,"RP11-234A1.1",303
0.130638182163239,"FSTL4",304
0.130445390939713,"SCG5",305
0.13039331138134,"ZNF804A",306
0.130198657512665,"CDH2",307
0.129862889647484,"LINC01322",308
0.129455417394638,"HOPX",309
0.129008531570435,"NR3C2",310
0.128484934568405,"SCN1A",311
0.128465890884399,"DDX17",312
0.128030806779861,"DSTN",313
0.127748981118202,"RCAN2",314
0.127046927809715,"SGCZ",315
0.126973927021027,"ETNK1",316
0.126656875014305,"ZBTB18",317
0.125614911317825,"SCAMP5",318
0.124825961887836,"PAM",319
0.124668508768082,"PDE7B",320
0.124219015240669,"MTATP6P1",321
0.124046102166176,"TUBB",322
0.123626850545406,"TCEB2",323
0.123624965548515,"MPDZ",324
0.123498998582363,"MEG8",325
0.123318828642368,"RAB3A",326
0.123066827654839,"ZFAND5",327
0.12292306125164,"FAU",328
0.122388370335102,"SUB1",329
0.121791988611221,"CNTN5",330
0.12070544809103,"USP11",331
0.12066426128149,"RP11-946L20.4",332
0.120601899921894,"FKBP8",333
0.120001539587975,"GABBR1",334
0.119609385728836,"HINT1",335
0.119268946349621,"RUNDC3A",336
0.119028255343437,"CALN1",337
0.118933819234371,"CABP1",338
0.118740990757942,"LUC7L3",339
0.118627093732357,"ATP5B",340
0.118425399065018,"PCLO",341
0.118028819561005,"ANKRD36C",342
0.117971748113632,"LINC00599",343
0.117023020982742,"MAP1LC3A",344
0.116350769996643,"DLGAP1-AS4",345
0.115645468235016,"MAP2K1",346
0.114813014864922,"NEFL",347
0.114457756280899,"AMPH",348
0.11442618817091,"FTL",349
0.114043116569519,"ZDHHC21",350
0.113897986710072,"RP11-368L12.1",351
0.113686829805374,"MDH1",352
0.113454535603523,"SHANK2",353
0.113444745540619,"RHBDD2",354
0.113392636179924,"COX6C",355
0.113060466945171,"AC091878.1",356
0.113055668771267,"RP11-475C16.1",357
0.112831003963947,"RP11-592N21.1",358
0.112226366996765,"USMG5",359
0.112206533551216,"SNED1",360
0.112075917422771,"UNC5D",361
0.111811108887196,"LPPR4",362
0.111603900790215,"NDFIP2",363
0.111486993730068,"NWD2",364
0.11129380017519,"LARGE",365
0.110968209803104,"NCKAP1",366
0.110937133431435,"EML6",367
0.110901974141598,"UQCRQ",368
0.110731586813927,"KIAA1107",369
0.110644735395908,"PEA15",370
0.110444292426109,"RORA",371
0.11042745411396,"THSD7A",372
0.110381431877613,"SPDYE2",373
0.10987051576376,"APLP2",374
0.109700001776218,"ZNF804B",375
0.109413452446461,"RP11-321A17.3",376
0.109035484492779,"PLCL1",377
0.108998745679855,"ARID5B",378
0.108862809836864,"LRP4",379
0.108455702662468,"SLIT3",380
0.10838869959116,"HPCAL1",381
0.108218178153038,"KCTD8",382
0.107665881514549,"STMN3",383
0.107625834643841,"RP11-191L9.4",384
0.107602998614311,"ATP2A2",385
0.107556328177452,"EDF1",386
0.107528388500214,"ATPIF1",387
0.10752510279417,"PRICKLE2",388
0.10715364664793,"UTY",389
0.107077889144421,"AC007563.5",390
0.106575354933739,"SEZ6L2",391
0.10656563192606,"DKK3",392
0.106501035392284,"GABARAPL1",393
0.105861850082874,"COX5B",394
0.105818435549736,"PGAM1",395
0.105761125683784,"ITM2C",396
0.105650134384632,"DLGAP2",397
0.105350241065025,"NAPB",398
0.105062328279018,"XIST",399
0.105018094182014,"RP11-583F2.1",400
0.104695990681648,"COX6B1",401
0.10458379983902,"FAM49A",402
0.103562444448471,"HMP19",403
0.103114664554596,"HSPH1",404
0.102869421243668,"UQCRH",405
0.1025205925107,"ZMYND8",406
0.102423913776875,"TMEM161B-AS1",407
0.102166295051575,"UBE2Q2P6",408
0.101817145943642,"FAUP1",409
0.101802200078964,"GABRA1",410
0.101334802806377,"MYEOV2",411
0.101312533020973,"USP9Y",412
0.101031228899956,"C1QTNF4",413
0.100794985890388,"HSP90B1",414
0.10025480389595,"DNAJC6",415
0.100239373743534,"MTCH1",416
0.10017341375351,"FAM171B",417
0.0997687727212906,"LINC00632",418
0.0993521735072136,"STMN4",419
0.0992801189422607,"VSTM2L",420
0.0990349873900414,"SV2A",421
0.0989612489938736,"AC007969.5",422
0.098933756351471,"INADL",423
0.0988737642765045,"OCIAD1",424
0.0983565300703049,"HMGCR",425
0.0983135998249054,"NSF",426
0.0982260257005692,"SEC62",427
0.0978777781128883,"LDHB",428
0.0978203117847443,"FOS",429
0.0976430475711823,"LRRC37A3",430
0.0975690186023712,"NDUFA4",431
0.0974640622735023,"TUBA4A",432
0.0969995111227036,"SYN1",433
0.0966673567891121,"ATP6V0B",434
0.0966237261891365,"C4orf48",435
0.0964581221342087,"AP2A2",436
0.0964426621794701,"EIF1",437
0.0962759256362915,"BEX4",438
0.0961512252688408,"PDXDC1",439
0.0960949063301086,"RIMBP2",440
0.0958049073815346,"SHC3",441
0.0957171842455864,"SNCG",442
0.095348447561264,"CHCHD10",443
0.0953380167484283,"SYNGR1",444
0.095215231180191,"HYDIN2",445
0.0948099717497826,"SKP1",446
0.0942574888467789,"PTMS",447
0.094160370528698,"GRIN1",448
0.0940266996622086,"BCOR",449
0.0936409533023834,"CREG2",450
0.0932720080018044,"UBA52",451
0.0932291746139526,"GOLGA8B",452
0.0929733961820602,"ANXA6",453
0.0927384719252586,"NUCKS1",454
0.0927268490195274,"FAM153C",455
0.0925268828868866,"PNMA2",456
0.0924446284770966,"CLSTN2",457
0.0922456383705139,"GNG3",458
0.0921633094549179,"PKD1",459
0.0918862149119377,"IMMP2L",460
0.0917091444134712,"HPCA",461
0.0917076915502548,"TBRG1",462
0.0916129648685455,"CTC-552D5.1",463
0.0916099920868874,"NPTN",464
0.0914560109376907,"RAB11A",465
0.0914244055747986,"LPP",466
0.0897874757647514,"EFR3B",467
0.0897316038608551,"PPP3CB",468
0.08970095962286,"GALNT18",469
0.0896955579519272,"COL24A1",470
0.0896375328302383,"STX1A",471
0.0896261632442474,"LY6H",472
0.0895785689353943,"RP11-215A21.2",473
0.0895651504397392,"R3HDM2",474
0.0892072468996048,"TMEM130",475
0.089104026556015,"LY6E",476
0.0889723002910614,"CA11",477
0.0889326184988022,"EFNA5",478
0.0889097079634666,"NACA",479
0.0888275057077408,"BSG",480
0.0887433812022209,"PCP4",481
0.088537335395813,"FXYD7",482
0.0883582755923271,"KCNB2",483
0.0881716161966324,"PIN1",484
0.08757284283638,"TMEM117",485
0.0874006971716881,"ERICH1-AS1",486
0.0873806774616241,"MAPK4",487
0.0873682647943497,"RAB6B",488
0.0869428738951683,"CTSB",489
0.0867928490042686,"PRKAR1A",490
0.0867833495140076,"GHITM",491
0.0867344886064529,"TENM3",492
0.0865539312362671,"RP11-219A15.1",493
0.0865225344896317,"CADM3",494
0.0864467695355415,"VDAC1",495
0.0863744243979454,"AC114765.1",496
0.0862786173820496,"SEPT7",497
0.086188018321991,"SRSF7",498
0.0861449539661407,"CHGB",499
0.0859484001994133,"LUZP2",500
0.0857599601149559,"MIB1",501
0.0857522934675217,"GRINA",502
0.0855853259563446,"PCMT1",503
0.08551786839962,"PLK2",504
0.0851567462086678,"KIF21A",505
0.0851393789052963,"KIF1A",506
0.0847466289997101,"PRKAR1B",507
0.084658682346344,"CES4A",508
0.0844967737793922,"GABRD",509
0.0842300429940224,"RAB3C",510
0.0839323475956917,"NR3C1",511
0.083863340318203,"PTMA",512
0.0838026031851768,"CCDC65",513
0.083417646586895,"KCNQ2",514
0.0833476185798645,"RAP1GAP",515
0.0831944867968559,"MAPK1",516
0.0830740854144096,"HIVEP2",517
0.082995243370533,"TTC9B",518
0.0829853340983391,"NAALADL2",519
0.0828227326273918,"NDUFB2",520
0.082781970500946,"CAP2",521
0.0827642977237701,"OR2L13",522
0.0824812054634094,"BEX2",523
0.081859640777111,"ANKRD20A11P",524
0.0817850306630135,"UBL5",525
0.0814981833100319,"CLIP3",526
0.0810990929603577,"ATP5L",527
0.0809104144573212,"MICAL2",528
0.0808992832899094,"BEX5",529
0.0808967500925064,"PDE5A",530
0.0802970677614212,"GLIS3",531
0.0801339894533157,"GUK1",532
0.0799322873353958,"PGRMC1",533
0.079812727868557,"TNKS",534
0.079374186694622,"SLC12A5",535
0.0793669745326042,"PTCHD1-AS",536
0.0793553739786148,"TMEM160",537
0.0793551802635193,"CRIP2",538
0.0792712792754173,"DDRGK1",539
0.0791331231594086,"NOL4",540
0.078889437019825,"MICAL3",541
0.0788044929504395,"TERF2IP",542
0.0787251815199852,"ENO1",543
0.0786193832755089,"SULT4A1",544
0.0785834863781929,"TAGLN3",545
0.0784195140004158,"TMTC1",546
0.0783443376421928,"ARID4A",547
0.0782866030931473,"SERINC3",548
0.0782260671257973,"UBB",549
0.0781851559877396,"KIF13A",550
0.0781737565994263,"DGKZ",551
0.0781437009572983,"ACADVL",552
0.0781102105975151,"RNPC3",553
0.0779893919825554,"BCL11A",554
0.0779373943805695,"PLXDC2",555
0.0778263360261917,"RP11-624C23.1",556
0.0776979774236679,"CCDC85B",557
0.0775283798575401,"ATP6V1B2",558
0.0773133412003517,"ARHGDIG",559
0.0770212635397911,"MORF4L1",560
0.0769354999065399,"RP11-160H12.2",561
0.0768712684512138,"MIAT",562
0.0768258646130562,"MTURN",563
0.076752096414566,"KIAA1377",564
0.076665997505188,"SNRNP70",565
0.076544389128685,"SERF2",566
0.0762135237455368,"PRDX5",567
0.0760712623596191,"BDNF",568
0.0758618116378784,"DGKG",569
0.0758088752627373,"ACSL3",570
0.075633741915226,"DUSP6",571
0.0755824819207191,"NPTX2",572
0.0753496289253235,"PCDH11X",573
0.0753413513302803,"LINC00507",574
0.075090616941452,"COL5A2",575
0.0750632286071777,"SLC24A2",576
0.0750513896346092,"ATP6AP1",577
0.0750131160020828,"MPHOSPH8",578
0.0749342069029808,"NR4A1",579
0.0748891159892082,"SYT11",580
0.0748594701290131,"RAC1",581
0.0745711699128151,"WDR60",582
0.0740996450185776,"SYT5",583
0.0740581154823303,"MLLT11",584
0.0740532353520393,"MAN2A1",585
0.0739724114537239,"HNRNPK",586
0.073849156498909,"JUNB",587
0.0736227184534073,"FZD3",588
0.0735017210245132,"MLF2",589
0.073421411216259,"GPR22",590
0.0732972472906113,"ATP6AP2",591
0.0731448382139206,"CAMK2B",592
0.0727681145071983,"AES",593
0.0726883113384247,"DOC2A",594
0.0725987032055855,"RAP2A",595
0.0725446194410324,"CAMK2A",596
0.072501890361309,"PGM2L1",597
0.0721038430929184,"CIRBP",598
0.072039507329464,"ATP5G3",599
0.0719086602330208,"CADPS2",600
0.0716200172901154,"PFDN2",601
0.0714752152562141,"LENG8",602
0.0713861584663391,"PCDH8",603
0.0712507739663124,"RFTN1",604
0.0711311101913452,"SIRPA",605
0.0707949250936508,"MAST3",606
0.0706279128789902,"CX3CL1",607
0.0699353069067001,"FAM153A",608
0.0697188302874565,"APBB1",609
0.0696114599704742,"EEF2",610
0.0696106404066086,"ACAP3",611
0.0693469494581223,"PTPRN",612
0.0692752450704575,"SLC17A7",613
0.0692476481199265,"SC22CB-1E7.1",614
0.0692412257194519,"PDE10A",615
0.069135382771492,"CHD5",616
0.0689330473542213,"HSPA8",617
0.0688591673970222,"SPRED1",618
0.0688476860523224,"SAT2",619
0.068540446460247,"BAIAP2",620
0.0685147866606712,"MAST4",621
0.0682269185781479,"PPP2R1A",622
0.0682003200054169,"SYNPR",623
0.0680966451764107,"HMGN3",624
0.0679620578885078,"EGR1",625
0.0679349303245544,"KIFC2",626
0.0672317147254944,"VGF",627
0.0671661496162415,"DYNLRB1",628
0.0669960379600525,"LY86-AS1",629
0.0669537931680679,"RTF1",630
0.066924698650837,"TTC3P1",631
0.0666401237249374,"SYNGAP1",632
0.0665990114212036,"PLXNA4",633
0.0665497407317162,"BIN1",634
0.0663516595959663,"SOD1",635
0.0661177858710289,"CYP46A1",636
0.0659997910261154,"TTN-AS1",637
0.0657633617520332,"BAI2",638
0.0651427805423737,"DYNLL2",639
0.0651260614395142,"MYO16",640
0.0651051700115204,"CLTB",641
0.0649097338318825,"FAM127A",642
0.0646463632583618,"NDUFB7",643
0.0646256729960442,"COL26A1",644
0.0645556151866913,"DMTN",645
0.0642136782407761,"B4GAT1",646
0.0641418844461441,"ARL6IP5",647
0.0636641532182693,"XKR4",648
0.0635839477181435,"GABPB1-AS1",649
0.0635350719094276,"CLSTN3",650
0.0633558556437492,"REEP5",651
0.0632595419883728,"PDP1",652
0.0631187707185745,"RP11-673E1.4",653
0.0630371198058128,"SLITRK4",654
0.0628523305058479,"HMGCS1",655
0.0627893730998039,"PINK1",656
0.0626466348767281,"SRP14",657
0.0619017481803894,"YJEFN3",658
0.0618355795741081,"TOLLIP",659
0.0618061125278473,"DNAJA1",660
0.0614706091582775,"REEP2",661
0.0614367499947548,"TMX4",662
0.0614102110266685,"HIVEP3",663
0.0605149678885937,"DHCR24",664
0.0604884214699268,"CHGA",665
0.0598692521452904,"ATP5J",666
0.0597739145159721,"TUBB4B",667
0.0597524903714657,"ADAMTS9-AS2",668
0.0597517900168896,"PPDPF",669
0.0593209713697433,"CTB-57H20.1",670
0.0591333769261837,"PCBP1",671
0.0587217211723328,"TENM4",672
0.058717142790556,"NRG1",673
0.0586550533771515,"NUDT3",674
0.0586079210042953,"RABAC1",675
0.0586052052676678,"TBCB",676
0.0585625842213631,"EID1",677
0.0584150515496731,"MZT2B",678
0.0583796501159668,"RYR3",679
0.0582133829593658,"AC074391.1",680
0.0579334646463394,"MARCKS",681
0.0572808049619198,"SLC8A2",682
0.0571226440370083,"RP11-436D23.1",683
0.0570703186094761,"SIDT1",684
0.0567325316369534,"PURA",685
0.0566640198230743,"CTXN1",686
0.0564483851194382,"DIRAS1",687
0.0564438961446285,"KAZN",688
0.0563469529151917,"ZNF331",689
0.0561705939471722,"RP11-611E13.2",690
0.0559979230165482,"SSBP3",691
0.0558652617037296,"HNRNPA3",692
0.0557701848447323,"MGST1",693
0.0556984134018421,"CTNNA3",694
0.0556035526096821,"RP11-473C19.1",695
0.0554003715515137,"DSCAML1",696
0.0552111081779003,"UQCR10",697
0.0546838529407978,"KCNH5",698
0.0543535128235817,"TCEAL2",699
0.054349210113287,"TGFBR3L",700
0.0542489998042583,"BRK1",701
0.0540961213409901,"NAP1L3",702
0.053963553160429,"MTPN",703
0.0539377592504025,"PDGFD",704
0.0539267100393772,"STMN2",705
0.0535854808986187,"GYG2P1",706
0.0535414293408394,"MRPL41",707
0.0535211116075516,"CRLF3",708
0.053181104362011,"ENPP7P4",709
0.0531470999121666,"C11orf87",710
0.0529482886195183,"KCNQ3",711
0.052905697375536,"SLC44A5",712
0.0527458414435387,"GUCY1B3",713
0.0522520951926708,"EPHB6",714
0.0522111356258392,"LYNX1",715
0.051872007548809,"EIF4G2",716
0.0518449656665325,"G3BP2",717
0.051631435751915,"CAPNS1",718
0.0516279824078083,"CTD-2192J16.15",719
0.051377821713686,"CBX6",720
0.0513046942651272,"C16orf13",721
0.0512177087366581,"COX7A2",722
0.051095899194479,"ARHGAP10",723
0.050976175814867,"PRMT9",724
0.0509527027606964,"SRRM2",725
0.0509357489645481,"TOP1",726
0.0504559762775898,"AKAP11",727
0.0504179075360298,"CDH11",728
0.0503584109246731,"SYNPO",729
0.0502644069492817,"GADD45GIP1",730
0.0500691309571266,"C1orf115",731
0.0499001778662205,"PHF11",732
0.0495142266154289,"NTNG1",733
0.049444492906332,"UQCRHL",734
0.0494323521852493,"CDIP1",735
0.0490619279444218,"DDX3P1",736
0.0487384274601936,"PSD",737
0.0484130792319775,"RP1-78O14.1",738
0.0483523160219193,"PNMA3",739
0.0481167063117027,"CAMK2D",740
0.0480568073689938,"NIPAL2",741
0.0480033084750175,"DNAJB2",742
0.0479754135012627,"PABPN1",743
0.0476260632276535,"NUDT4",744
0.0475614108145237,"SLC35F3",745
0.0471854396164417,"MAPK8IP1",746
0.0471228174865246,"AP1S1",747
0.0469033233821392,"YPEL3",748
0.0467966012656689,"THUMPD3-AS1",749
0.046745665371418,"HTR2A",750
0.0467046797275543,"SYT4",751
0.0466666109859943,"ZNF428",752
0.046637449413538,"RAP1GAP2",753
0.046357985585928,"ZDHHC14",754
0.0462910868227482,"MAPK8IP2",755
0.0461459048092365,"AGAP3",756
0.0461381636559963,"CHRM3-AS2",757
0.0459898822009563,"AC016831.7",758
0.0459789484739304,"RP3-525N10.2",759
0.0458123460412025,"GPC5",760
0.0454563647508621,"GABARAPL2",761
0.0449693240225315,"JUND",762
0.0447715371847153,"bP-21201H5.1",763
0.0447431951761246,"XYLT1",764
0.0445452369749546,"PCDH9-AS2",765
0.0441808812320232,"HSP90AA2P",766
0.0441775694489479,"RHEB",767
0.0440568365156651,"C19orf60",768
0.0439319461584091,"NAT8L",769
0.0439282581210136,"CENPP",770
0.0438612811267376,"SLC9A6",771
0.0438447706401348,"MAPK8IP3",772
0.043829370290041,"MAPRE3",773
0.0436663627624512,"MMP17",774
0.0433025434613228,"LSAMP-AS1",775
0.0428750887513161,"PLEKHB2",776
0.0425943955779076,"UNC13C",777
0.0424589291214943,"CTA-276F8.2",778
0.0423095375299454,"RP11-116O11.1",779
0.041967011988163,"BAI1",780
0.0412969216704369,"NRXN2",781
0.0410781912505627,"GPC1",782
0.0410361178219318,"CSMD2",783
0.0408499576151371,"CDK5R1",784
0.040666438639164,"ATP6V0E2",785
0.0406430661678314,"JPX",786
0.0404797494411469,"NEFM",787
0.0402145534753799,"CHCHD2",788
0.0402117036283016,"RP11-778J15.1",789
0.0401601456105709,"ITPR2",790
0.0401304885745049,"OTUB1",791
0.0399999246001244,"TMEM30A",792
0.0398945584893227,"IGFBP5",793
0.0397966094315052,"RFK",794
0.0395155735313892,"FAM195B",795
0.0394673459231853,"RP13-143G15.4",796
0.0393732190132141,"SCG2",797
0.0390634723007679,"FLJ39080",798
0.0388966873288155,"RP11-384F7.1",799
0.0388836599886417,"AC023590.1",800
0.0387545749545097,"PRRT1",801
0.0387357696890831,"NUAK1",802
0.0387344434857368,"CH17-472G23.1",803
0.0385986752808094,"CPNE4",804
0.0385771058499813,"MAK",805
0.038418285548687,"PTPRT",806
0.0381603203713894,"FAM85B",807
0.0380246751010418,"AC037445.1",808
0.0379487425088882,"GRM3",809
0.037865586578846,"TRPS1",810
0.0376785844564438,"PPP2CB",811
0.0374290309846401,"CEND1",812
0.037412665784359,"ARHGDIA",813
0.0370618216693401,"TSPYL4",814
0.0369659662246704,"ELAVL2",815
0.0369654633104801,"RNF187",816
0.0368081368505955,"COL19A1",817
0.0367143154144287,"STAT4",818
0.0367042757570744,"ATP6V1F",819
0.0363359935581684,"RP11-745L13.2",820
0.0363171808421612,"CYCS",821
0.0362759828567505,"AQP4-AS1",822
0.0362081490457058,"RP11-1157N2--B.2",823
0.0357091836631298,"SPOCK1",824
0.0354874022305012,"INTS1",825
0.0352495573461056,"SLC6A17",826
0.0352111831307411,"CORO6",827
0.0352082177996635,"CCBE1",828
0.0350786000490189,"TCF25",829
0.0348652675747871,"LINC00824",830
0.0348438173532486,"AC027612.6",831
0.0347412042319775,"C6orf62",832
0.0345549955964088,"FSCN1",833
0.0340098552405834,"CEACAM22P",834
0.0338463708758354,"KCNJ4",835
0.0337452739477158,"LINC00710",836
0.0329249054193497,"PDZD4",837
0.0328996814787388,"FTH1P8",838
0.0326607748866081,"TIMP3",839
0.0323699861764908,"RP11-594C13.1",840
0.0320137590169907,"BNIP3",841
0.0319927893579006,"NSMF",842
0.031881783157587,"PCDH10",843
0.0316115394234657,"FILIP1L",844
0.0315890274941921,"CTBP1",845
0.0315504930913448,"RP11-270C12.3",846
0.0309968665242195,"SUMO3",847
0.0306336209177971,"AGAP2",848
0.0305428728461266,"NAP1L2",849
0.0305088851600885,"DDX24",850
0.030241597443819,"HSD17B12",851
0.0301910545676947,"SNX10",852
0.0301322042942047,"ZEB1",853
0.0301066357642412,"PAFAH1B2",854
0.0297902505844831,"CXXC5",855
0.0296656414866447,"KIF26B",856
0.0286654513329268,"MPPED1",857
0.0285882074385881,"MAML3",858
0.0283928215503693,"HSPA1A",859
0.0282825157046318,"SLC30A3",860
0.0282721854746342,"RP4-605O3.4",861
0.0282193347811699,"SORCS3",862
0.0282129179686308,"KLHL29",863
0.0279888939112425,"TSHZ2",864
0.0273097362369299,"AP2S1",865
0.0269847568124533,"KCNF1",866
0.0259312428534031,"LGALS1",867
0.0258608404546976,"PID1",868
0.0257285330444574,"RP11-390N6.1",869
0.0256844256073236,"SYT3",870
0.0255548227578402,"ELAVL4",871
0.0250181909650564,"AC159540.1",872
0.0246145687997341,"CRMP1",873
0.0238458439707756,"WDR82",874
0.0237223003059626,"B4GALNT4",875
0.023635933175683,"RAB11B",876
0.0236045457422733,"SDC3",877
0.0232169255614281,"RIT2",878
0.0227747913450003,"RP11-586K2.1",879
0.0222318135201931,"RMST",880
0.0222122184932232,"RNF11",881
0.0217051189392805,"ZNF565",882
0.0216424055397511,"SLC8A1-AS1",883
0.0216319374740124,"CMTM4",884
0.0215503126382828,"RP11-649G15.2",885
0.0215502828359604,"MIR181A1HG",886
0.0209651533514261,"TAF1D",887
0.0203618966042995,"EYS",888
0.0203259326517582,"NBL1",889
0.0202586967498064,"NREP",890
0.0198736023157835,"SSBP4",891
0.0195910446345806,"ARF1",892
0.0195458084344864,"NCAN",893
0.0195280481129885,"LRTM1",894
0.0187684819102287,"USP22",895
0.0184312388300896,"RP11-318K12.2",896
0.0183056183159351,"SPDYE3",897
0.0182754378765821,"VDAC3",898
0.0181089546531439,"SLC39A11",899
0.0179507397115231,"MVD",900
0.0175995025783777,"RP11-75C9.2",901
0.0174012687057257,"CKMT2-AS1",902
0.0173939727246761,"MMD",903
0.0172133520245552,"TMEM63B",904
0.0170959923416376,"C8orf34",905
0.0166112016886473,"EEF1A2",906
0.0162729490548372,"SPRED2",907
0.0160439033061266,"GNB2",908
0.0160295572131872,"CTNNA1",909
0.0159479342401028,"CDKN2D",910
0.0159392282366753,"ARL8A",911
0.0158647317439318,"LMBRD2",912
0.0155250895768404,"GPX4",913
0.0153907295316458,"CDK5R2",914
0.0153547311201692,"TMEM196",915
0.015251244418323,"RP11-499P20.2",916
0.0152422310784459,"SCD5",917
0.0148175815120339,"EIF5A",918
0.0147920111194253,"RP11-30J20.1",919
0.0146442763507366,"SDCBP",920
0.0137923117727041,"BRSK2",921
0.0137271508574486,"INPP5F",922
0.0129518387839198,"MAP1A",923
0.0126613853499293,"SUMF1",924
0.0123309921473265,"LINC01106",925
0.0121872089803219,"OLFM2",926
0.0121685359627008,"LINC00685",927
0.0116829192265868,"SCOC",928
0.0114577040076256,"RP11-420N3.3",929
0.0112564973533154,"IPO9-AS1",930
0.0109248086810112,"RGS12",931
0.0106622343882918,"HS3ST4",932
0.0105416364967823,"SPRN",933
0.0103523228317499,"RP11-87H9.2",934
0.0096760569140315,"RIC3",935
0.00966278742998838,"TTYH3",936
0.00833263900130987,"PRR16",937
0.00803614687174559,"TPPP",938
0.00803571753203869,"POLR2J2",939
0.00787301361560822,"NAT14",940
0.00750455260276794,"RP11-315E17.1",941
0.00698304269462824,"PPFIA3",942
0.00659823976457119,"SLC1A2",943
0.00650767562910914,"HSPA1B",944
0.00544997164979577,"COPRS",945
0.00525129027664661,"RP11-166O4.1",946
0.0051035787910223,"BIRC6-AS2",947
0.00508771371096373,"ILDR2",948
0.00495507661253214,"RP11-977G19.5",949
0.00363098015077412,"RP11-242P2.1",950
0.00306990812532604,"TOM1L1",951
0.00276522198691964,"B4GALT2",952
0.00177358079236001,"HIP1",953
0.001167829381302,"FAM66D",954
0.000929797068238258,"PCDH9-AS1",955
0.000910005357582122,"DLG4",956
0.000410679262131453,"ABCB1",957
-0.000400312710553408,"NPAS2",958
-0.00048591461381875,"ADAMTS19",959
-0.00120915949810296,"RP11-348J24.2",960
-0.00121597643010318,"POU6F2",961
-0.00161567947361618,"TOMM20",962
-0.00166297925170511,"ST8SIA5",963
-0.00243893731385469,"SNCB",964
-0.00255510513670743,"INF2",965
-0.00403462816029787,"FGF1",966
-0.00428343610838056,"GRASP",967
-0.00481858057901263,"RORB",968
-0.0061942539177835,"SLC25A22",969
-0.00665051583200693,"FSTL5",970
-0.00795691832900047,"C19orf26",971
-0.00806798413395882,"RP5-857K21.4",972
-0.00846234150230885,"MTND2P28",973
-0.0100744599476457,"HSP90AB3P",974
-0.0105407312512398,"BCAS2",975
-0.0128269577398896,"MTND1P23",976
-0.0143031692132354,"LAMA2",977
-0.0144375516101718,"CELF3",978
-0.0185577627271414,"SLC22A10",979
-0.0203731507062912,"SNRPN",980
-0.0216441322118044,"RP11-33A14.1",981
-0.0219224821776152,"TRHDE",982
-0.0225976835936308,"BAIAP2L2",983
-0.0240412708371878,"IGSF10",984
-0.0250896755605936,"LL22NC03-2H8.5",985
-0.0298959240317345,"EGFEM1P",986
-0.0313588418066502,"HSPB1",987
-0.0322373881936073,"GABRG3",988
-0.0332303494215012,"LINC00508",989
-0.0340172126889229,"STXBP5-AS1",990
-0.0345236249268055,"AC005592.2",991
-0.0362884141504765,"TEKT4P2",992
-0.0425908155739307,"RP11-750B16.1",993
-0.0462433211505413,"RP5-857K21.6",994
-0.0497583262622356,"SPHKAP",995
-0.0540785975754261,"CH17-472G23.2",996
-0.0586167238652706,"DCC",997
-0.0701980963349342,"RP11-449D8.5",998
-0.0860031172633171,"RP11-236F9.2",999
-0.0977401658892632,"LINC01090",1000
